word,creole_word,creole_name
"is, are  ",a,Jamaican Creole
being  ,a bi,Jamaican Creole
calling  ,a call,Jamaican Creole
coming  ,a cum,Jamaican Creole
You had that coming  ,a dat fi appen to yuh,Jamaican Creole
outside  ,A door,Jamaican Creole
doing  ,A duh,Jamaican Creole
it’s for  ,a fi,Jamaican Creole
"is for me, it is mine  ",a fi mi,Jamaican Creole
getting  ,a get,Jamaican Creole
giving  ,A gi,Jamaican Creole
going  ,A go,Jamaican Creole
I'm going to  ,A Gwine,Jamaican Creole
having  ,a hav,Jamaican Creole
lying  ,a lie,Jamaican Creole
looking  ,a luk,Jamaican Creole
moving  ,A move,Jamaican Creole
another  ,A nex,Jamaican Creole
isn't  ,A nuh,Jamaican Creole
Not everything that's worth eating is worth talking about  ,A nuh everything gud fi eat gu,Jamaican Creole
It's not me.  ,A nuh mi,Jamaican Creole
It's nothing  ,A nuh nutten,Jamaican Creole
It's not the same day a leaf drops to the bottom of the water that it begins to rots  ,A nuh same day leaf drop a wat,Jamaican Creole
playing  ,a play,Jamaican Creole
saying  ,a seh,Jamaican Creole
seeing  ,A si,Jamaican Creole
sitting  ,a sidung,Jamaican Creole
starting  ,a start,Jamaican Creole
That's how  ,A suh,Jamaican Creole
This is how I do my thing  ,A suh mi duh mi ting,Jamaican Creole
That's the way I am  ,A suh mi tan,Jamaican Creole
This is how we do it  ,A suh wi dweet,Jamaican Creole
That's how we are  ,A suh wi stay,Jamaican Creole
talking  ,a talk,Jamaican Creole
taking  ,a tek,Jamaican Creole
telling  ,a tell,Jamaican Creole
That's the problem with them.  ,a that wid dem,Jamaican Creole
thinking  ,a tink,Jamaican Creole
trying  ,a try,Jamaican Creole
What is it?  ,a wah,Jamaican Creole
What is this?  ,A wah dis,Jamaican Creole
What's wrong with them / What's their problem  ,A wah duh dem,Jamaican Creole
"what is wrong with you, What is wrong with you  ",A wah duh yuh,Jamaican Creole
What's wrong with you  ,a wah happen to yuh,Jamaican Creole
Why is it so?  ,A wah suh,Jamaican Creole
What's going on here?  ,A watta guwaan yasso,Jamaican Creole
What the hell is their problem?  ,A weh dem feel like,Jamaican Creole
Where are you?  ,A weh yuh deh,Jamaican Creole
working  ,a wuk,Jamaican Creole
Maroon cow-horn instrument,Abeng,Jamaican Creole
A firefly  ,Abuja,Jamaican Creole
A historic maroon village located in St. Elizabeth Jamaica,Accompong,Jamaican Creole
Ackee is one of the most popular fruits in Jamaica. It is Jamaica’s national fruit and also Jamaica’s national dish combined with salt fish. Ackee is derived from the original name Ankye which comes from the Twi language of Ghana.,Ackee,Jamaican Creole
october  ,Actoba,Jamaican Creole
Of the  ,Addi,Jamaican Creole
Audible  ,Adeebl,Jamaican Creole
off  ,aff,Jamaican Creole
Affec  ,Affect,Jamaican Creole
after  ,afta,Jamaican Creole
Birth Certificate  ,Age paper,Jamaican Creole
Ago  ,Aguh,Jamaican Creole
"Of, A  ",Ah,Jamaican Creole
It's for me  ,Ah fi mi,Jamaican Creole
Serves you right  ,Ah gud,Jamaican Creole
That's the way it is.  ,Ah suh di ting tan,Jamaican Creole
born  ,Baan,Jamaican Creole
boss  ,baas,Jamaican Creole
barber  ,Baba,Jamaican Creole
Darling  ,Baby love,Jamaican Creole
Baby Mother  ,Baby madda,Jamaican Creole
Police man  ,Babylon,Jamaican Creole
Slang expression used to refer a corrupt government or organization that facilitates the rich  and exploits the poor  ,Babylon system,Jamaican Creole
spirit cane / liqour  ,babylon water,Jamaican Creole
back  ,bac,Jamaican Creole
Deep rural or country area  ,back a bush,Jamaican Creole
Expression used to refer to one’s home town or country… particularly in Jamaica. The literal translation is “Back at home”.,Back a Yard,Jamaican Creole
talk back  ,back answer,Jamaican Creole
talk back  ,back chat,Jamaican Creole
talk back  ,back talk,Jamaican Creole
Masturbate  ,Back yuh fist,Jamaican Creole
behind  ,backa,Jamaican Creole
back way  ,backazz,Jamaican Creole
masturbate  ,Backfist,Jamaican Creole
Slang term used as an expression of surprise,Backfoot,Jamaican Creole
Slave Master  ,Backra,Jamaican Creole
A Jamaican slang word which is used mostly when you are surprise.,Backside,Jamaican Creole
backwards  ,backway,Jamaican Creole
very bad/ badly  ,bad bad bad,Jamaican Creole
bad girl  ,Bad Gyal,Jamaican Creole
Awesome  ,Bad like yaz,Jamaican Creole
Bad luck is worse than witchcraft  ,Bad luck wus dan obeah,Jamaican Creole
Unlucky or in an unfortunate situation,bad lucky,Jamaican Creole
Gangster  ,Bad man,Jamaican Creole
BMW  ,bad man wagon,Jamaican Creole
They’re dying of envy  ,Bad mind a kill them,Jamaican Creole
rough up  ,Bad up,Jamaican Creole
Curse Word  ,Bad wud,Jamaican Creole
"bother, bother, Bother  ",Badda,Jamaican Creole
constantly bother  ,Badda Badda,Jamaican Creole
Criminal activity  ,Badman ting,Jamaican Creole
"jealous / envious, envious person, Envious  ",Badmind,Jamaican Creole
violent behavior  ,Badness,Jamaican Creole
"badword,  profanity,  an expletive   ",badwud,Jamaican Creole
"clumsy, Clumsy  ",Bafan,Jamaican Creole
A cheap beverage made of water and syrup that is sold in a small plastic bag.,Bag juice,Jamaican Creole
Betrayer  ,Bag O Wire,Jamaican Creole
a lot of  ,Bagga,Jamaican Creole
all talk but no action  ,Bagga mouth,Jamaican Creole
A lot of things  ,bagga tings,Jamaican Creole
underpants  ,Baggy,Jamaican Creole
"Bathe, bathe  ",baide,Jamaican Creole
Punk  ,Bait,Jamaican Creole
to set someone up for a downfall or cause disappointment or embarrassment,bait up di thing,Jamaican Creole
Slum  ,Bak A Waal,Jamaican Creole
back of/behind  ,Bakka,Jamaican Creole
"Battle, Bottle  ",bakkle,Jamaican Creole
Battlefield  ,Bakklefield,Jamaican Creole
behave well  ,balance,Jamaican Creole
Strict control  ,Ball an chain,Jamaican Creole
Bald Head  ,Ball head,Jamaican Creole
A special oil used when conducting spiritual healings or other obeah rituals,balm oil,Jamaican Creole
A location where healing rituals are practice using obeah or other forms of dark magic,Balm yard,Jamaican Creole
A traditional Jamaican Flat round pancake-looking bread made from grated cassava from which the bitter juice has been extracted. The cassava is pressed downed to decrease thickness and then baked on both sides. It is normally served with fried fish or any other fried food.,Bammy,Jamaican Creole
"Slang term for a boat or ship that is used to transport immigrants from the Caribbean to first world countries such as the England, United States or Canada. The ships were primarily used to transport bananas from the Caribbean but would also offer passage for anyone from Caribbean going to the returning country (America, England etc…) at a cheaper cost than normal passenger ships.",Banana boat,Jamaican Creole
Hair band  ,Bandu,Jamaican Creole
Big bellied  ,Bang belly,Jamaican Creole
Burner Phone  ,Banga,Jamaican Creole
"trouble or disturbance, Old  items, Commotion  ",Bangarang,Jamaican Creole
bracelet  ,Bangle,Jamaican Creole
Slang for Desert Trek Clarks,bank robbas,Jamaican Creole
basket ,bankra,Jamaican Creole
"a storyteller,Story teller ",Banton,Jamaican Creole
A mistress ,Bapps,Jamaican Creole
suddenly ,Baps,Jamaican Creole
"Party,Party ",Bashment,Jamaican Creole
"Hot,Hot,Hot ",Bashy,Jamaican Creole
Dragonfly ,batimamselle,Jamaican Creole
abuse ,batta bruise,Jamaican Creole
Skank ,Batta Ears Gyal,Jamaican Creole
bottom ,Battam,Jamaican Creole
gang bang /gang rape ,Battery,Jamaican Creole
"ass,Bum,Buttocks ",Batty,Jamaican Creole
F**got ,batty bwoy,Jamaican Creole
Ass crack ,Batty Crease,Jamaican Creole
Dyke ,Batty Gyal,Jamaican Creole
"asshole,Ass hole ",Batty hole,Jamaican Creole
"Gay,F**got ",Batty Man,Jamaican Creole
Ass cheek ,Batty peg,Jamaican Creole
Booty shorts ,Batty Rider,Jamaican Creole
"Stimulation of the anus with the tongue,Rim job ",Batty wash,Jamaican Creole
Cry ,bawl,Jamaican Creole
Cry out ,Bawl out,Jamaican Creole
Born ,Bawn,Jamaican Creole
Slap ,Bax,Jamaican Creole
Oh my God ,Bax Cova,Jamaican Creole
Slap you down ,Bax Dung,Jamaican Creole
Aromatic alcohol rub used for medicinal purposes.,Bay rum,Jamaican Creole
barefoot ,bayfoot,Jamaican Creole
f*cking ,Bbc,Jamaican Creole
F*cking hell ,Bbrcl,Jamaican Creole
Surpass ,Beat dem bad,Jamaican Creole
become ,becum,Jamaican Creole
A man or woman that is the primary initiator of sex in the bedroom. He/she controls sex and therefore controls the bedroom,Bedroom Bully,Jamaican Creole
"Little,small/tiny ",Beenie,Jamaican Creole
Beggar ,Begga,Jamaican Creole
Begs too much ,Beggy beggy,Jamaican Creole
Pregnant ,Belly,Jamaican Creole
Abdomen ,Belly bottom,Jamaican Creole
Belly button ,Belly cork,Jamaican Creole
"Upset /angry,vexed / angry ",ben,Jamaican Creole
Thursday ,Ben Johnson day,Jamaican Creole
Very close friends ,Bench an batty,Jamaican Creole
a roadside market ,Bendun maaket,Jamaican Creole
bent ,Benup,Jamaican Creole
A lot ,Bere,Jamaican Creole
Better ,Betta,Jamaican Creole
Vex ,Bex,Jamaican Creole
Be ,Bi,Jamaican Creole
Because ,Bicaa,Jamaican Creole
big and useless ,big an suo suh,Jamaican Creole
big booty girl ,Big Batty Gyal,Jamaican Creole
Large and in charge ,Big bout yah,Jamaican Creole
Great Song / Hit Song ,Big chune,Jamaican Creole
The higher ups ,Big heads dem,Jamaican Creole
Term used to refer to a female with a big/loose vagina,Big hole gyal,Jamaican Creole
Slang term used to refer to a situation that is adult business,Big man ting,Jamaican Creole
God ,Big Massa,Jamaican Creole
Big woman / lady ,Big Ooman,Jamaican Creole
Adult business ,Big people ting,Jamaican Creole
Big things are happening ,Big tings a gwaan,Jamaican Creole
be proud of yourself ,Big Up Your Chest,Jamaican Creole
give yourself a pat on the back ,Big up yourself,Jamaican Creole
A large tenement ,Big yard,Jamaican Creole
bigger ,Bigga,Jamaican Creole
Higher ups ,Bigga Heads,Jamaican Creole
biggest ,biggis,Jamaican Creole
Fatso ,Biggs,Jamaican Creole
because ,Bikaaz,Jamaican Creole
The passenger seat of a motorcycle,Bike back,Jamaican Creole
Food ,Bikkle,Jamaican Creole
Chill ,Bill,Jamaican Creole
Relax / chill ,Bill bak,Jamaican Creole
One hundred dollars ($100.00) ,Bills,Jamaican Creole
BMW ,Bimma,Jamaican Creole
been ,Bin,Jamaican Creole
A catapult. ,binggy,Jamaican Creole
A place where lots of birds inhabit and is primarily used for bird hunting,bird bush,Jamaican Creole
"Cola, A reddish-brown fruit usually chewed by the elderly.",bisi,Jamaican Creole
A cola nut that it is used as a poison antidote or as medicine.,bissy,Jamaican Creole
"A violent, savage blow.",bitch lick,Jamaican Creole
To perform a task inadequately or crudely without attention to quality or detail,bitch up,Jamaican Creole
Business ,Biznizz,Jamaican Creole
"Chatterbox,Blabbermouth ",Blabba mout,Jamaican Creole
Coldly cruel,black heart,Jamaican Creole
Smoke Weed ,Black Up,Jamaican Creole
Dark skin black man ,Blacka,Jamaican Creole
Blackbird says her child comes first. ,Blackbud seh fi im pikni fus,Jamaican Creole
coochie ,blackcat,Jamaican Creole
smoke weed ,Blaze,Jamaican Creole
to go without sleep usually because of excessive partying or any other fun activity,Bleach,Jamaican Creole
Slang expression used to refer to a black person who bleaches/lightens their skin. The literal translation for “bleachaz” is “bleacher”,Bleachaz,Jamaican Creole
"Whether it be 'bless', or a variation such as 'bless up' or 'blessings', or ‘highly blessed', some Jamaicans generally greet each other in a way that says that they wish the other person peace, abundance and rest in all they do.

",Bless,Jamaican Creole
"Bless up is used in Jamaica to mean, have a nice day, have a good day or have a blessed day.",bless up,Jamaican Creole
Everything is cool ,Blessed,Jamaican Creole
firefly ,blinky blinky,Jamaican Creole
Blood Fire ,Blood Fiah,Jamaican Creole
Blood Cloth ,Bloodclaat,Jamaican Creole
F**k ,Bloodcleet,Jamaican Creole
Mild curse word used when one is frighten,Bloodseed,Jamaican Creole
Blouse and skirts ,Blouse an skirts,Jamaican Creole
Darn ,Blousenawt,Jamaican Creole
Holy crap ,Blow wow,Jamaican Creole
A boiled pudding made from green bananas,Blue Draws,Jamaican Creole
Porn ,Blue movie,Jamaican Creole
Pornography ,Blues,Jamaican Creole
What the hell ,Blurtnawt,Jamaican Creole
Oh my god ,Blurtneet,Jamaican Creole
"Chance,Chance ",Bly,Jamaican Creole
Slang expression for a man that cannot get or satisfy a woman,Board man,Jamaican Creole
boastful / ostentatious ,Boasie,Jamaican Creole
Dreadlocks Man ,Bobo dread,Jamaican Creole
Botheration,Bodderation,Jamaican Creole
Popular dance by the dancehall icon of the same name Gerald Levy aka “bogle”.,Bogle,Jamaican Creole
"A brown-looking stew with red peas,It is usually served with white rice or some large dumplings made of some kind of wheat flour.",Bolo Slush,Jamaican Creole
Greedy Person ,Bong belly pickney,Jamaican Creole
Black ,Bongo,Jamaican Creole
Degenerate ,Boogooyaga,Jamaican Creole
low class / worthless ,booguyaga,Jamaican Creole
Somersault ,Boom flick,Jamaican Creole
"sweetheart,sweetheart,special person ",boonoonoonoos,Jamaican Creole
Sugar Daddy ,Boops,Jamaican Creole
"Condom/Shoes,Condoms ",Boots,Jamaican Creole
Bang! ,Booyaka,Jamaican Creole
Rude person / jerk ,Borosie,Jamaican Creole
Around here ,Bou yah,Jamaican Creole
sure to ,boun fi,Jamaican Creole
to share with someone for the purpose of getting feedback,bounce off,Jamaican Creole
Holy crap ,Bounty Killer,Jamaican Creole
About ,Bout,Jamaican Creole
Slang use to describe when someone performs oral sex,Bow,Jamaican Creole
Slang expression use to refer to someone who gives oral sex to a woman,Bowcat,Jamaican Creole
"A speaker box used for the amplification of reggae music. Boxes may be up to five feet tall, and are used both at parties and by record vendors to amplify music on the streets.",BOX,Jamaican Creole
Food sold in foamed clamshell take-out containers,Box Food,Jamaican Creole
Sweet Beverage sold in box containers,Box Juice,Jamaican Creole
Boy have to ,Boy Affi,Jamaican Creole
Showing off ,Braff,Jamaican Creole
Suddenly ,Bragadaps,Jamaican Creole
gunshot sound effect ,brap,Jamaican Creole
Brawler ,Brawla,Jamaican Creole
Bonus/Extra ,Brawta,Jamaican Creole
Relax/calm down ,Breath easy,Jamaican Creole
"Brother,Brother ",Bredda,Jamaican Creole
"brother,Brother ",Breddah,Jamaican Creole
"Brethren,Brethren ",Bredren,Jamaican Creole
pregnant,breed,Jamaican Creole
Brethren ,Brejin,Jamaican Creole
Brother ,Brethren,Jamaican Creole
Rude ,Bright,Jamaican Creole
"Angry,Agitated ",Bringle,Jamaican Creole
Rich/wealthy Person ,Brinks,Jamaican Creole
Bro God ,Bro Gad,Jamaican Creole
"Good Manners,Good manners ",Broughtupsy,Jamaican Creole
Light skinned black male ,Brown man,Jamaican Creole
misbehave ,bruck out,Jamaican Creole
"broke,Semen,break ",Bruk,Jamaican Creole
"Broke the calabash, bring a new one ",Bruk calabash bring new one,Jamaican Creole
Break It Down ,Bruk It Dung,Jamaican Creole
break off ,bruk off,Jamaican Creole
misbehave ,Bruk out,Jamaican Creole
Broke pocket ,Bruk pocket,Jamaican Creole
Break ,Bruk up,Jamaican Creole
"to break away,  to break loose ",bruk weh,Jamaican Creole
A popular dance move done by women. This dance has strong sexual undertones and consist of a variety of hip and belly actions a woman does when she is dancing.,Bubble,Jamaican Creole
"Fool,Fool ",Bubu,Jamaican Creole
Run into ,Buck,Jamaican Creole
"bump into, Meet, stumble into ",Buck up,Jamaican Creole
"bird,Bird ",Bud,Jamaican Creole
Penis ,Buddy,Jamaican Creole
bully ,bull bakka,Jamaican Creole
"A small round cake made with molasses and flavored with banana or ginger. They are inexpensive and easy to make using molasses, flour and baking soda. They are typically eaten as a snack with cheese or avocado.",Bulla,Jamaican Creole
Canned corned beef ,Bully beef,Jamaican Creole
An expression of greeting. Could also used in the context of telling someone you agree with them and others as well.,bumaye bumaya,Jamaican Creole
Holy Crap ,Bumba,Jamaican Creole
F**k ,Bumbo,Jamaican Creole
During an argument it is used to express feelings of anger or used when excited or within a conversation with friends.,Bumbo pussy raasclaat,Jamaican Creole
F**k ,Bumborass,Jamaican Creole
Motherf**ker ,Bumbowhole,Jamaican Creole
Buttocks ,Bumpa,Jamaican Creole
butts ,bumper,Jamaican Creole
"burn, annoy, Spiced Bun, Cheat ",Bun,Jamaican Creole
Denounce ,Bun a fyah,Jamaican Creole
Bothers them ,Bun dem,Jamaican Creole
To rebuke or lambaste ,bun out,Jamaican Creole
burn up / burnt up ,bun up,Jamaican Creole
"smoke weed,smoke weed ",Bun weed,Jamaican Creole
relax or take a nap. ,bunk ah rest,Jamaican Creole
bump ,Bunks,Jamaican Creole
Burger ,Burga,Jamaican Creole
"A bunch of leaves, natural herbs, or grasses used for making tea, especially in the morning. The leaves are thrown into a boiling pot and steeped. The tea is strained off.",Bush Tea,Jamaican Creole
burst,buss,Jamaican Creole
A popular soft drink in Jamaica,Busta,Jamaican Creole
Butter ,Butta,Jamaican Creole
Hick,Butu,Jamaican Creole
Above ,Buv,Jamaican Creole
boil ,bwile,Jamaican Creole
Can't  ,Caa,Jamaican Creole
Slang term used as an expression of extreme surprise (incredulous),Caca faat,Jamaican Creole
cause  ,cah,Jamaican Creole
Bust a cap  ,Cap a shot,Jamaican Creole
Harbouring negative feelings for someone  ,Carry Belly,Jamaican Creole
Fake  ,Casco,Jamaican Creole
Slingshot  ,Catapul,Jamaican Creole
Broad  ,Catty,Jamaican Creole
because  ,caw,Jamaican Creole
stop everything and relax  ,Cease and Sekkle,Jamaican Creole
"A girl whose had many abortion, Cemetery",Cemetery,Jamaican Creole
Certificate  ,Cerfiticket,Jamaican Creole
Ladies man  ,Cha Cha Bwoy,Jamaican Creole
"untidy, Untidy  ",Chakka chakka,Jamaican Creole
Bong  ,Chaliss,Jamaican Creole
Chalice  ,Chalwa,Jamaican Creole
Scam  ,Chap eh line,Jamaican Creole
Bracelet  ,Chapareeta,Jamaican Creole
Scammer  ,Chappa,Jamaican Creole
"Homie, Bro  ",Chargie,Jamaican Creole
Penis  ,Charlie,Jamaican Creole
talked  ,chat,Jamaican Creole
"To be talked badly about, or to be talked downly upon",Chat mi,Jamaican Creole
Chew  ,Chaw,Jamaican Creole
Chocolate  ,Chawklit,Jamaican Creole
Money  ,Cheddar,Jamaican Creole
Tuesday  ,Chewsday,Jamaican Creole
Homosexual  ,Chi chi,Jamaican Creole
Homosexual Male  ,Chi chi man,Jamaican Creole
gay  ,chichi man,Jamaican Creole
"Chicken is merry, a hawk is nearby  ",Chicken merry hawk deh near,Jamaican Creole
"Chief's in the town, the con artist will prosper  ",Chief inna town ginnal mus li,Jamaican Creole
Trigger  ,Chigger,Jamaican Creole
Child  ,Chile,Jamaican Creole
Chamber pot  ,Chimmy,Jamaican Creole
Asian Person  ,Chiney,Jamaican Creole
Liquid which is brushed onto the penis to increase staying power. For those with erectile dysfunction,Chiney Brush,Jamaican Creole
Lychee  ,Chiney Guinep,Jamaican Creole
Bed bug  ,Chink,Jamaican Creole
"Darn, Dammit  ",Cho,Jamaican Creole
Throat  ,Choat,Jamaican Creole
Trouble  ,chobble,Jamaican Creole
Church  ,Choch,Jamaican Creole
Kiss on the cheek  ,choops,Jamaican Creole
Trousers  ,Chowziz,Jamaican Creole
strength  ,Chrent,Jamaican Creole
straight  ,Chriet,Jamaican Creole
Throw  ,Chrow,Jamaican Creole
trouble  ,Chubble,Jamaican Creole
"Shove, Truck  ",Chuck,Jamaican Creole
TRUE,Chue,Jamaican Creole
Tune  ,Chune,Jamaican Creole
Chayote  ,Chuo cho,Jamaican Creole
Stupid  ,Chupid,Jamaican Creole
Kiss on the cheek,Chups,Jamaican Creole
TRUE,Chuu,Jamaican Creole
Truth  ,Chuut,Jamaican Creole
"cloth, Cloth  ",Claat,Jamaican Creole
Idiot  ,Claffy,Jamaican Creole
Firecrackers  ,Clappas,Jamaican Creole
To have aggressive sex in a doggy-style position.,Cock it up,Jamaican Creole
A c**k’s mouth causes its death  ,Cock mouth kill cock,Jamaican Creole
C**k  ,Cocky,Jamaican Creole
"Jamaican name for tannia and yautia. A staple food in the Caribbean, this tuber was originally imported from Polynesia (where it is known as taro) by the Portuguese. Cocos have a white chalky flesh. They may be left in the ground for considerable periods of time.",Coco,Jamaican Creole
Coochie  ,Coco bread,Jamaican Creole
that one  ,Da one deh,Jamaican Creole
Daddy  ,Daadie,Jamaican Creole
dagger  ,Dagga,Jamaican Creole
"A popular dance move done in Jamaican dancehall clubs. Daggering is where a man and woman are dancing in a sexually provocative manner (dry humping), which usually includes them simulating various sexual positions in an aggressive manner.",Daggering,Jamaican Creole
That  ,Dah,Jamaican Creole
Sunglasses  ,Dahkahs,Jamaican Creole
dollars  ,dalla,Jamaican Creole
Than  ,Dan,Jamaican Creole
party  ,Dance,Jamaican Creole
"A fast paced style of Jamaican reggae which originated in the late 1970s. Dancehall is actually very different form traditional reggae as it is mostly made for dancing in the club (hence the name “dancehall”). Dancehall is mostly Dj-ing rather than singing; in which it typically involves multiple artistes dj-ing on a single riddim (e.g. guns and roses riddim). Some popular dancehall artistes are Beenie Man, Vybz Kartel, Mavado, Sean Paul, Bounty Killer and Shaba.",Dancehall,Jamaican Creole
That's awesome  ,Das maad,Jamaican Creole
Throw  ,Dash,Jamaican Creole
Throw them away  ,Dash dem weh,Jamaican Creole
"throw away, Throw away  ",Dash weh,Jamaican Creole
That  ,Dat,Jamaican Creole
that's  ,Dat a,Jamaican Creole
Expensive  ,Dat cost dear,Jamaican Creole
That  ,Dat Deh,Jamaican Creole
in that sort of feeling/way,Dat kinda vibe,Jamaican Creole
"Friend or homeboy, Dog  ",Dawg,Jamaican Creole
The dog does not howl if he has a bone.  ,Dawg nuh hol ef him ha bone,Jamaican Creole
Dog with too much owner sleeps without bone  ,Dawg wid too much owna sleep w,Jamaican Creole
Daughter  ,Dawta,Jamaican Creole
Dead C**k  ,Dead Hood,Jamaican Creole
"Inheritance, mostly pieces of land and houses.  ",Dead left,Jamaican Creole
Dying with Laughter  ,Dead Wid Laugh,Jamaican Creole
Wake  ,Dead yard,Jamaican Creole
Cemetery  ,Deadman yard,Jamaican Creole
Expensive  ,Dear,Jamaican Creole
Feces  ,Deedi,Jamaican Creole
these  ,dees,Jamaican Creole
A very hard slap to the face that may cause temporary hearing loss to the victim,Deffaz,Jamaican Creole
"together, Together, There  ",Deh,Jamaican Creole
Slang expression for saying that one has gone out (usually somewhere nice).,Deh pon a endz,Jamaican Creole
Slang expression used to state one is chilling at an impoverished or neglected area of an city,Deh yah pon di gully side,Jamaican Creole
asking  ,Deh ask,Jamaican Creole
Nearby  ,Deh bout,Jamaican Creole
To be present.  ,Deh bout yah,Jamaican Creole
there  ,deh deh,Jamaican Creole
kidding  ,Deh Joke,Jamaican Creole
living  ,Deh liv,Jamaican Creole
At a location  ,Deh pan a endz,Jamaican Creole
On  ,Deh pon,Jamaican Creole
running  ,Deh run,Jamaican Creole
Over there  ,Deh suh,Jamaican Creole
That's where it's at  ,Deh suh it deh,Jamaican Creole
"I'm here, Here  ",deh yah,Jamaican Creole
Soley  ,Dehgeh,Jamaican Creole
"those, they, They, them, Them  ",Dem,Jamaican Creole
they're  ,Dem a,Jamaican Creole
they'll  ,Dem aguh,Jamaican Creole
They're not learn  ,Dem nah learn,Jamaican Creole
they're thives  ,dem teef,Jamaican Creole
those past time  ,dem time deh,Jamaican Creole
They want to know  ,Dem Wah Fi Know,Jamaican Creole
Then  ,Den,Jamaican Creole
Didn't even  ,Deven,Jamaican Creole
The  ,Di,Jamaican Creole
"recently,  just a few days ago  ",Di adda day,Jamaican Creole
The older the moon the brighter it shines  ,Di olda di moon di brighta it,Jamaican Creole
all of them  ,Di wul a dem,Jamaican Creole
Lie.  ,Dibbi dibbi,Jamaican Creole
"were, Was  ",Did,Jamaican Creole
worried  ,did a worry,Jamaican Creole
asked  ,did ask,Jamaican Creole
"dad, father, father  ",faada,Jamaican Creole
Fast  ,Faas,Jamaican Creole
Forward  ,Faawud,Jamaican Creole
A handsome fellow  ,Face bwoy,Jamaican Creole
"feisty, Rude  ",Facety,Jamaican Creole
"For, For, For  ",Fah,Jamaican Creole
imitative  or copycat  ,Fala fashin,Jamaican Creole
Follow  ,FALLA,Jamaican Creole
Follow  ,Fallah,Jamaican Creole
"Family, Family  ",Fambily,Jamaican Creole
Incest  ,Family ram,Jamaican Creole
foreign  ,farin,Jamaican Creole
Forehead  ,Farrid,Jamaican Creole
D**khead  ,Fassy,Jamaican Creole
Motherf**ker  ,Fassyhole,Jamaican Creole
"Nickname given to fat or obese male, Fatter  ",Fatta,Jamaican Creole
favor  ,Fava,Jamaican Creole
Farmer  ,Fawma,Jamaican Creole
resemble  ,Fayva,Jamaican Creole
Look like  ,Fayvah,Jamaican Creole
"feels, felt  ",Feel,Jamaican Creole
"Don't Worry, Don't worry  ",feel no way,Jamaican Creole
His  ,Feem,Jamaican Creole
"to, for, for  ",fi,Jamaican Creole
"to be,  should be  ",fi deh,Jamaican Creole
"their, For them  ",fi dem,Jamaican Creole
forever  ,Fi eva,Jamaican Creole
His  ,Fi im,Jamaican Creole
"mine, For my, My, my / mine  ",Fi mi,Jamaican Creole
our  ,Fi wi,Jamaican Creole
"for you, yours  ",Fi yuh,Jamaican Creole
Forgot  ,Figat,Jamaican Creole
"forgot, Forget  ",Figet,Jamaican Creole
figure  ,Figga,Jamaican Creole
"found, find  ",fine,Jamaican Creole
Finger  ,Finga,Jamaican Creole
Finger never says “look here” he says “ look yonder”  ,Finger never seh look here hi,Jamaican Creole
Finger  ,Fingga,Jamaican Creole
"Fire is at a mouse’s tail, he thinks it’s cool breeze  ",Fire deh a muss muss tail him,Jamaican Creole
Tomorrow  ,First Light,Jamaican Creole
"Homosexual male, homosexual, Gay, Fruit Cake, Homo  ",Fish,Jamaican Creole
"Smoking weed in a closed and small space, with the intent of not letting the smoke escape, to recycle the smoke in a space, as in a car.",fish bowling,Jamaican Creole
Fish Soup  ,Fish tea,Jamaican Creole
Fisherman never says his fish stinks  ,Fishaman neva seh him fish tin,Jamaican Creole
"fire burn / denounce, Fire burn  ",Fiyah bun,Jamaican Creole
Slang expression for making a move to go somewhere else or hanging out on the block.,Flex,Jamaican Creole
Movie / film  ,Flim,Jamaican Creole
Throw  ,Fling,Jamaican Creole
Fritters  ,Flittas,Jamaican Creole
Flower  ,Flowas,Jamaican Creole
fat /plump  ,Fluffy,Jamaican Creole
"Slang expression used to refer to anything that has undesirable characteristics (filthy, tacky, flimsy etc…).",Fluxy,Jamaican Creole
Kill them  ,Fly dem bat,Jamaican Creole
CopyCat  ,Follow Fashion Monkey,Jamaican Creole
phone  ,Fone,Jamaican Creole
Whose  ,foofa,Jamaican Creole
Stupid  ,Foofool,Jamaican Creole
your / yours  ,Foonu,Jamaican Creole
"In Jamaican Patois, the term “foot” is used to refer to the legs, ankles or feet",Foot,Jamaican Creole
foot bottom  ,foot battam,Jamaican Creole
Large Centipede  ,Forty Leg,Jamaican Creole
first  ,Fos,Jamaican Creole
Fowl fed at home isn't hard to catch  ,Fowl feed a yaad nuh hard fi k,Jamaican Creole
Money  ,Frackles,Jamaican Creole
Easily Afraid  ,Fraidy fraidy,Jamaican Creole
"went, Gone  ",Gaan,Jamaican Creole
Against  ,Gainst,Jamaican Creole
"Go away, go along / get on with, go away, go along, Go along/Go on  ",Galang,Jamaican Creole
A harmless Jamaican lizard which is incorrectly believed to be poisonous.,Galliwasp,Jamaican Creole
Gangster / Don  ,Gangalee,Jamaican Creole
Ganja farmer  ,Ganja planta,Jamaican Creole
T-shirt  ,Gansey,Jamaican Creole
Gaza  ,Gaza,Jamaican Creole
Slang expression used to state that you support Vybz Kartel (a popular Jamaican entertainer) and his crew from the Portmore Empire(nicknamed Gaza). The literal translation is “Gaza I say”,Gaza Mi Seh,Jamaican Creole
Give him  ,Geem,Jamaican Creole
General  ,Genaral,Jamaican Creole
General  ,Genna,Jamaican Creole
Got away  ,Get weh,Jamaican Creole
Ghetto boy  ,Ghetto bwoy,Jamaican Creole
"given, Give  ",Gi,Jamaican Creole
Armageddon  ,Gideon,Jamaican Creole
give me  ,gimmi,Jamaican Creole
Ginger  ,Ginga,Jamaican Creole
Con Artist  ,Ginnal,Jamaican Creole
Get  ,Git,Jamaican Creole
Get Up  ,Git up,Jamaican Creole
Thank you  ,Give thanks,Jamaican Creole
coconut pastries  ,Gizzada,Jamaican Creole
Glammy  ,Glammity,Jamaican Creole
"Gleaner, The Gleaner  ",Gleena,Jamaican Creole
Go there  ,Go deh,Jamaican Creole
Go down there  ,Go down deh,Jamaican Creole
Go down  ,Go dung,Jamaican Creole
"stripper, A stripper or club whore, Stripper  ",Go go,Jamaican Creole
go away  ,Go weh,Jamaican Creole
Goat is sweating but its long hair covers it  ,Goat deh sweat but long hair c,Jamaican Creole
Jinx  ,Goat mouth,Jamaican Creole
"go there, Go there  ",Godeh,Jamaican Creole
"Good fowl says he’s going to go the market, Sensei says he’s going too  ",Good fowl sey im a guh a marke,Jamaican Creole
Good Girl  ,Good Gyal,Jamaican Creole
"Nice Body (Girl), Good girl  ",Goodas,Jamaican Creole
Goody  ,Goodie,Jamaican Creole
"Governor, Governor  ",Govana,Jamaican Creole
Marijuana / Weed  ,Grades,Jamaican Creole
Greedy  ,Gravalicious,Jamaican Creole
agree / to get along  ,Gree,Jamaican Creole
"An opening used to express a greeting or to answer a telephone, normally by Rastafarians",Greetings,Jamaican Creole
Stallion  ,Grindsman,Jamaican Creole
Raise  ,Grow,Jamaican Creole
Ground  ,Grung,Jamaican Creole
Good afternoon  ,Gud aftanoon,Jamaican Creole
Good evening  ,Gud evenin,Jamaican Creole
"good morning, Good Morning  ",Gud Mawnin,Jamaican Creole
"Good morning, how are you?  ",Gud mawnin how yuh stay,Jamaican Creole
Good Night  ,Gud Nite,Jamaican Creole
"goes, go, Go  ",Guh,Jamaican Creole
Go Forward  ,Guh Farwud,Jamaican Creole
Go for  ,Guh fi,Jamaican Creole
Go left  ,Guh leff,Jamaican Creole
Go right  ,Guh rite,Jamaican Creole
Go this way (or that way)  ,guh suh,Jamaican Creole
"Ghetto or slum, Ghetto  ",Gully,Jamaican Creole
"Slang expression used to state that you support Mavado (a popular Jamaican entertainer), but not is rival Vybz Kartel",Gully Mi Seh,Jamaican Creole
Pigeon peas  ,Gungo peas,Jamaican Creole
God Almighty  ,Gunguru mara,Jamaican Creole
Curse  ,Guzzu,Jamaican Creole
Go on  ,Gwaan,Jamaican Creole
Acting like that  ,Gwaan suh,Jamaican Creole
go to  ,gwaana,Jamaican Creole
"Go away, Go away  ",Gweh,Jamaican Creole
Awesome  ,Maad,Jamaican Creole
Skinny  ,Maaga,Jamaican Creole
"Sissy, Homo  ",Maama man,Jamaican Creole
Mr.  ,Maas,Jamaican Creole
"Used to describe a stupid person, particularly a bad driver usually carrying multiple unfortunate passengers. Someone is often called Macaroni after any type of automobile accident or if they are known to have had one or more crashes.",Macaroni,Jamaican Creole
Thorns  ,Macka,Jamaican Creole
Upset / drive crazy  ,Mad mi,Jamaican Creole
mom  ,Mada,Jamaican Creole
Mother  ,Madda,Jamaican Creole
eccentric  ,maddi maddi,Jamaican Creole
Model  ,Maggle,Jamaican Creole
Mommy  ,Mammy,Jamaican Creole
"obese, Obese woman  ",Mampy,Jamaican Creole
I'm a player  ,Man a Gallis,Jamaican Creole
Man of the house.  ,Man a yaad,Jamaican Creole
"A female that is strongly infatuated with a man and will do anything for him, even if he does not feel the same way",Man clown,Jamaican Creole
Do not offend people knowing full well they are in a better position to cause you harm  ,Man noh dun cross ah riva noh,Jamaican Creole
Jamaican one thousand ($1000) dollar bill  ,Manley,Jamaican Creole
Manners  ,Mannaz,Jamaican Creole
Goat Soup  ,Mannish Water,Jamaican Creole
A male slut  ,Mantel,Jamaican Creole
Wife beater tank top  ,Mareena,Jamaican Creole
"Free hill dwellers whose forebears had either never known slavery or had successfully fled to the hills where they lived in free, self-governing communities",Maroons,Jamaican Creole
Break  ,Mash up,Jamaican Creole
Take by storm  ,Mash up di place,Jamaican Creole
Mosquito  ,Maskitta,Jamaican Creole
Mister  ,Massah,Jamaican Creole
Group or collective of human beings,Massive,Jamaican Creole
matter of fact  ,matarafak,Jamaican Creole
Side chick  ,Matey,Jamaican Creole
An automatic gun  ,Matic,Jamaican Creole
matter  ,Matta,Jamaican Creole
Skinny  ,Mauger,Jamaican Creole
"Skinny, Skinny  ",Mawga,Jamaican Creole
A slim cow is mother to a bull.  ,mawga cow a bull muma,Jamaican Creole
Morning  ,Mawning,Jamaican Creole
meant  ,mean,Jamaican Creole
Message  ,Mechiz,Jamaican Creole
"makes, made, Make  ",Mek,Jamaican Creole
Let them  ,Mek Dem,Jamaican Creole
Leave it alone  ,Mek it stay,Jamaican Creole
let me tell them  ,mek mi tell dem,Jamaican Creole
let's  ,Mek wi,Jamaican Creole
let us do it  ,mek wi dweet,Jamaican Creole
make haste  ,mekhace,Jamaican Creole
"fool,  idiot, mentally ill etc  ",Mengkeh,Jamaican Creole
"Jamaican folk music, forerunner of calypso and reggae,now rarely performed",Mento,Jamaican Creole
America  ,Merika,Jamaican Creole
American  ,Merikan,Jamaican Creole
Merry Christmas  ,Merri Crissmuss,Jamaican Creole
"I’m, I'm, I, Me  ",Mi,Jamaican Creole
"I am, I'm  ",Mi a,Jamaican Creole
I’m taking it easy  ,Mi a gwaan easy,Jamaican Creole
I’m smoking hot  ,Mi a happen,Jamaican Creole
I'm vegetarian  ,Mi a vegetarian,Jamaican Creole
I'm ok  ,Mi aright,Jamaican Creole
To ask humbly  ,Mi beg yuh,Jamaican Creole
I’m ok  ,Mi criss,Jamaican Creole
l come from  ,Mi cum fram,Jamaican Creole
"I came here to drink milk, I didn’t come to count cows  ",Mi cum yah fi drink milk mi n,Jamaican Creole
"I'm Here, l'm here, I am here  ",Mi deh yah,Jamaican Creole
I was  ,Mi did ah,Jamaican Creole
I'm high  ,Mi frass,Jamaican Creole
"I can't stop, I will neva stop  ",Mi fyah cyaah quench,Jamaican Creole
My General  ,Mi G,Jamaican Creole
Good bye ,Mi gaan,Jamaican Creole
I'm good ,Mi gud,Jamaican Creole
"I'm fine, thanks ",Mi gud tanks,Jamaican Creole
I have to ,Mi haffi,Jamaican Creole
I've ,Mi hav,Jamaican Creole
I have asthma ,Mi hav asthma,Jamaican Creole
I have the cold ,Mi hav cold,Jamaican Creole
I have a headache ,Mi head a hat mi,Jamaican Creole
I'm hungry ,Mi hungry,Jamaican Creole
I like you ,Mi like yuh,Jamaican Creole
I Love You ,Mi Luv Yuh,Jamaican Creole
I love you too ,Mi luv yuh tuh,Jamaican Creole
I love you  with all of my heart ,Mi luv yuh wid all a mi heart,Jamaican Creole
I miss you ,Mi miss yuh,Jamaican Creole
I am not playing. ,mi nah ramp,Jamaican Creole
My name is ,Mi name,Jamaican Creole
I need a doctor ,Mi need a dacta,Jamaican Creole
I need to go to the hospital ,Mi need fi guh a hospital,Jamaican Creole
I am not stupid ,mi neva baan wen mi madda gaan,Jamaican Creole
I'm great ,Mi nice,Jamaican Creole
"I Don't,I don't ",Mi nuh,Jamaican Creole
I don't care ,Mi nuh biznizz,Jamaican Creole
l don't care about you ,Mi nuh care bout yuh,Jamaican Creole
Nothing is going on for me / I am not doing anything ,Mi nuh deh pan nutten,Jamaican Creole
I did not go there ,Mi nuh go deh,Jamaican Creole
I'm very serious ,Mi nuh kin teet,Jamaican Creole
I don't know ,Mi nuh know,Jamaican Creole
I don't like it ,Mi nuh like eh,Jamaican Creole
l don't love you ,Mi nuh luv yuh,Jamaican Creole
I don't eat pork ,Mi nuh nyam pork,Jamaican Creole
I don't understand ,Mi nuh undastan,Jamaican Creole
I don't want you ,Mi nuh waah yuh,Jamaican Creole
l don't want you ,Mi nuh waan yuh,Jamaican Creole
I am old but I am not cold ,Mi old but mi no cold,Jamaican Creole
I'm old but certainly not cold ,Mi old but mi nuh cold,Jamaican Creole
I'm pregnant ,Mi pregnant,Jamaican Creole
Oh my God ,Mi Raah,Jamaican Creole
I'm in charge here ,Mi run tings yah,Jamaican Creole
I said / I say ,Mi seh,Jamaican Creole
I'm sick ,Mi sick,Jamaican Creole
I will be back soon ,mi soon farwud,Jamaican Creole
I'm thirsty ,Mi thirsty,Jamaican Creole
I threw my corn but I didn't call any fowl ,Mi throw mi corn but me neva c,Jamaican Creole
I want to be with you forever ,Mi waah fi bi wid yuh fi eva,Jamaican Creole
I want you ,Mi wah yuh,Jamaican Creole
I will call you later ,Mi wi call yuh inna di lataz,Jamaican Creole
I will hit you in your face ,Mi wi lick yuh inna yuh face,Jamaican Creole
I'd ,Mi wud,Jamaican Creole
I would like some bottled water ,Mi wudda like sum spring wata,Jamaican Creole
I would like breakfast ,Mi wudda waah breakfast,Jamaican Creole
I would  like dinner ,Mi wudda waah dinna,Jamaican Creole
My home ,Mi Yaad,Jamaican Creole
My home ,Mi yard,Jamaican Creole
"My eyes are my market, you are my cocoa basket ",Mi yeye a mi market yuh a mi c,Jamaican Creole
My youth ,Mi yout,Jamaican Creole
I am ,Mia,Jamaican Creole
Middle ,Miggle,Jamaican Creole
midday ,Miggle day,Jamaican Creole
to have a sharp mind ,mine shawp,Jamaican Creole
myself ,miself,Jamaican Creole
Asian Woman ,Miss Chin,Jamaican Creole
Expression used to refer to a person of Asian descent,Miss Lee,Jamaican Creole
Mr ,Missa,Jamaican Creole
Sucker ,Missa Brinks,Jamaican Creole
Mister Chin ,Missa Chin,Jamaican Creole
dont have mercy  ,naa av nuh massi,Jamaican Creole
Don't have to  ,Naafi,Jamaican Creole
"navel, Navel  ",nable,Jamaican Creole
not  ,Nah,Jamaican Creole
"ain't, won't  ",Nah guh,Jamaican Creole
Not joking around  ,Nah jesta,Jamaican Creole
not lying  ,nah lie,Jamaican Creole
Not selling out  ,Nah sell out,Jamaican Creole
Not telling you  ,Nah tell yuh,Jamaican Creole
Jamaican five hundred ($500) dollar bill  ,Nanny,Jamaican Creole
Grandmother's backside  ,Nanny raas,Jamaican Creole
Nasty  ,Nassy,Jamaican Creole
Don /top ranking gangster  ,Natch,Jamaican Creole
Rastafarian  ,Natty,Jamaican Creole
Dreadlocks Man  ,NATTY CONGO,Jamaican Creole
don't have  ,Nave,Jamaican Creole
"This is normal, is that a lie?  ",Nawmal a lie,Jamaican Creole
didn't / wasn't  ,Nay,Jamaican Creole
Never  ,Nebba,Jamaican Creole
Needle  ,Neegle,Jamaican Creole
Tight vagina  ,Neegle eye,Jamaican Creole
king  ,negus,Jamaican Creole
King of Kings  ,Neguse Negest,Jamaican Creole
Neck  ,Nek,Jamaican Creole
Back of your neck  ,Nek bak,Jamaican Creole
"weren't, wasn't, Never  ",Neva,Jamaican Creole
Next  ,Nex,Jamaican Creole
Don't give a f*ck  ,Ngaf,Jamaican Creole
To promote and foster a positive feeling.,Nice up,Jamaican Creole
"Greatness , very good , sweet or worthy  ",Niceness,Jamaican Creole
Wake  ,Nine Night,Jamaican Creole
night  ,Nite,Jamaican Creole
Soldier  ,Niyabinggy,Jamaican Creole
Noise  ,Nize,Jamaican Creole
No Sir  ,No sah,Jamaican Creole
"No woman, don't cry  ",No woman no cry,Jamaican Creole
anyone  ,Nobady,Jamaican Creole
Nobody has to know  ,Nobady haffi know,Jamaican Creole
Nothing is going on  ,Nothing nah gwan,Jamaican Creole
"Many, More, Much etc., many/ a lot, It literally means many or plenty, from the English word enough., many / alot of, plenty  ",Nuff,Jamaican Creole
A lot of you  ,Nuff a unu,Jamaican Creole
Lots of love  ,Nuff Luv,Jamaican Creole
Utmost respect  ,Nuff Respect,Jamaican Creole
A lot of  ,Nuffa,Jamaican Creole
should not / must not  ,Nuffi,Jamaican Creole
Don't bother me  ,Nuh badda mi,Jamaican Creole
Do not buy a cat in a bag  ,Nuh buy puss inna bag,Jamaican Creole
Don't draw my tongue  ,Nuh draw mi tongue,Jamaican Creole
Don't do that  ,Nuh duh dat,Jamaican Creole
Everything that has sugar in it is not necessary sweet  ,Nuh ebery ting dat ave sugar s,Jamaican Creole
Not every smile is laugh  ,Nuh every kin teet ah laff,Jamaican Creole
Not everything good to eat is good to talk about  ,Nuh everything good fi eat go,Jamaican Creole
"not to, Should not  ",Nuh fi,Jamaican Creole
"Don Linger(Person), Expression used to state that you must not be slow or reluctant in whatever you are doing",Nuh linga,Jamaican Creole
"To have nothing or little, or not being in a comfortable or prosperous state because of poverty, no work etc. etc.",Nuh live nowhere,Jamaican Creole
"anymore, No more  ",Nuh muh,Jamaican Creole
Nuh muss is an expression used to show confidence in knowing something or the ability to do something,Nuh muss,Jamaican Creole
Don't play with me  ,nuh romp wid mi,Jamaican Creole
Isn't that so?  ,Nuh suh,Jamaican Creole
Don't take an ugly situation for laughter.  ,Nuh tek ugly mek laff,Jamaican Creole
Isn't it true?  ,NUH TRUE,Jamaican Creole
Do not wait until the drum beats before you grind your axe.  ,Nuh wait till drum beat before,Jamaican Creole
nowhere  ,nuh weh,Jamaican Creole
nobody  ,nuhbadi,Jamaican Creole
Number  ,Numba,Jamaican Creole
past  ,paas,Jamaican Creole
part  ,paat,Jamaican Creole
party  ,paati,Jamaican Creole
palaver  ,Palaava,Jamaican Creole
"On, on  ",pan,Jamaican Creole
on the  ,pan di,Jamaican Creole
Pomegranate  ,Panganat,Jamaican Creole
Bok Choy  ,Pap chow,Jamaican Creole
broken down  ,pap dung,Jamaican Creole
happening  ,Papining,Jamaican Creole
hang out  ,Par,Jamaican Creole
Friend  ,Parri,Jamaican Creole
"Chat, converse or gossip.  ",Passa Passa,Jamaican Creole
Flow / Style  ,Patan,Jamaican Creole
Jamaican Patois (also known as “Patwa” or “Patwah”) is the language that is spoken by most Jamaicans. Jamaican Patois is a combination of an English based Creole language and West African based languages. Jamaican Creole came into existence as a medium for the slaves and their masters to communicate.,Patois,Jamaican Creole
Owl  ,Patoo,Jamaican Creole
Patois  ,Patwa,Jamaican Creole
Patois  ,Patwah,Jamaican Creole
Homie  ,Pawdie,Jamaican Creole
money / paper  ,Paypa,Jamaican Creole
The Peacock hides his foot when he hears about his tail.  ,Peacock hide him foot wen him,Jamaican Creole
Avocado  ,Pear,Jamaican Creole
"Firefly, Firefly  ",Peenie wallie,Jamaican Creole
picture  ,picha,Jamaican Creole
Child  ,Pickeney,Jamaican Creole
"kid, child or children, Child or children, children, Child  ",Pickney,Jamaican Creole
kids  ,pickney dem,Jamaican Creole
Finicky  ,Picky Picky,Jamaican Creole
Messy Hair  ,Picky Picky Head,Jamaican Creole
picture  ,pikcha,Jamaican Creole
Worthless  ,Pissin Tail,Jamaican Creole
coochie  ,pokey,Jamaican Creole
Politicians  ,Politricksters,Jamaican Creole
Politics  ,Polytricks,Jamaican Creole
on  ,pon,Jamaican Creole
On the thing  ,Pon di ting,Jamaican Creole
on me  ,pon mi,Jamaican Creole
Broken down  ,Pop dung,Jamaican Creole
show off  ,Pop style,Jamaican Creole
Break  ,Pop up,Jamaican Creole
"Derived from the term “puppet show”, this term is often used to ridicule someone because they have done something idiotic.",Poppy show,Jamaican Creole
Suppose  ,Pose,Jamaican Creole
Mud or muddy  ,poto poto,Jamaican Creole
power  ,powa,Jamaican Creole
powder  ,powda,Jamaican Creole
"watch, Watch, Check Out  ",Pree,Jamaican Creole
A tragedy /Calamity,prekeh,Jamaican Creole
Novice  ,Prento,Jamaican Creole
Prayers  ,Priahs,Jamaican Creole
problems  ,problem dem,Jamaican Creole
Proper  ,Proppa,Jamaican Creole
prosper  ,Prospah,Jamaican Creole
proud of  ,Prouda,Jamaican Creole
Put down  ,Puh dung,Jamaican Creole
Start over / Rewind  ,Pull up,Jamaican Creole
"Vagina, vaginia, Vagina  ",Pum pum,Jamaican Creole
Extremely short shorts that barely covers a woman’s buttocks and clearly shows the outline of her vagina (pum pum). These shorts are short enough to be panties.,Pum Pum Shorts,Jamaican Creole
YUh p**sy smell like jones beach  ,Pum Pum tun down,Jamaican Creole
"P**sy tight, P**sy good, P**sy is good  ",Pum pum tun up,Jamaican Creole
Coochie  ,Pums,Jamaican Creole
Shorts that are so tight and short that you can clearly see the vagina outline of the woman that is wearing it. The literal translation is “p**sy printer”.,Punaani Printer,Jamaican Creole
Cunt  ,Punash,Jamaican Creole
Father  ,Pupa,Jamaican Creole
Jesus Christ  ,Puppa Jesus,Jamaican Creole
Cats and dogs do not have the same type of luck  ,Puss an dawg nuh ave di same l,Jamaican Creole
Sausage  ,Sachiz,Jamaican Creole
sir  ,Sah,Jamaican Creole
Because of or owing to.  ,Sakeah,Jamaican Creole
bad lucky  ,Salt,Jamaican Creole
The same way  ,Same suh,Jamaican Creole
The same thing that pricks a sheep will prick a goat  ,Same ting weh tick sheep tick,Jamaican Creole
Con Man  ,Samfy Man,Jamaican Creole
A manstress or male paramour  ,Sapps,Jamaican Creole
"easy, easy  ",saps,Jamaican Creole
Saturday  ,Satday,Jamaican Creole
Soft  ,Sawf,Jamaican Creole
Cut through or have sex.  ,Sawkka sawkka,Jamaican Creole
Sort of  ,Sawta,Jamaican Creole
Scatter  ,Scatta,Jamaican Creole
Black Magic  ,Science,Jamaican Creole
Scornful dog eats a dirty pudding  ,Scornful dawg nyam dutty puddi,Jamaican Creole
Frown  ,Screw,Jamaican Creole
Scowling face  ,Screw Face,Jamaican Creole
Octopus  ,Sea puss,Jamaican Creole
same  ,sed,Jamaican Creole
Same way  ,Sedway,Jamaican Creole
"See but be blind to it,  hear it but be deaf to it.  ",See an blind hear an deaf,Jamaican Creole
"See and blind, hear and deaf  ",See an blind Hear an def,Jamaican Creole
Ball sack  ,Seed bag,Jamaican Creole
understood  ,seen,Jamaican Creole
see it  ,Seet,Jamaican Creole
There it is  ,Seet deh,Jamaican Creole
It is over there  ,seet it ova deh suh,Jamaican Creole
Here it is  ,Seet yah,Jamaican Creole
"says, Said, That, say, say  ",Seh,Jamaican Creole
Similar in meaning to “say something to me if you dare”. The literal translation is “say feh”.,seh feh,Jamaican Creole
Settle  ,Sekkle,Jamaican Creole
Settle yourself / Humble yourself  ,sekkle yuhself,Jamaican Creole
D.J.  ,Selectah,Jamaican Creole
"Slang term for expression of approval, normally used to denote that something is very nice or very good. This term is also used to state that the desired effect of an activity has been achieved.",Sell off,Jamaican Creole
"send, sent  ",sen,Jamaican Creole
Chicken  ,Senseh Fowl,Jamaican Creole
odd  ,shakey,Jamaican Creole
Short  ,Shawt,Jamaican Creole
Shearer  ,Sheara,Jamaican Creole
messed up / ruined  ,Sheg Up,Jamaican Creole
To bombard  ,Shell,Jamaican Creole
take by storm  ,Shell dung,Jamaican Creole
attacker  ,Shella,Jamaican Creole
She  ,Shi,Jamaican Creole
Gold digger  ,Shine eye gal,Jamaican Creole
Bald head  ,Shine head,Jamaican Creole
Corrupt System  ,Shitstem,Jamaican Creole
Shoes alone know if the stocking have holes.  ,Shoes alone know if the stocki,Jamaican Creole
shove  ,shoob,Jamaican Creole
Gunshots are firing  ,Shot a buss,Jamaican Creole
A quick slap (usually to the face)  ,Shot yuh a bax,Jamaican Creole
"Criminal, killer or murderer., Gangster  ",Shotta,Jamaican Creole
shoulder  ,shoulda,Jamaican Creole
Shove  ,Shub,Jamaican Creole
should  ,Shud,Jamaican Creole
shouldn't  ,shudn,Jamaican Creole
"Push or Shove; throw (out), Shove  ",Shuub,Jamaican Creole
"seen, See  ",Si,Jamaican Creole
There they are  ,Si dem deh,Jamaican Creole
See me here  ,Si mi yah,Jamaican Creole
"Crazy, loco, ridiculous.",Sick inna him head,Jamaican Creole
Mad Or Crazy  ,Sick inna im head,Jamaican Creole
"sit down, Sit down  ",Siddung,Jamaican Creole
sit  ,Sidung,Jamaican Creole
Awesome / Entertaining ,Siiick,Jamaican Creole
Aloe Vera ,Sinkle Bible,Jamaican Creole
"Something,Something,Something ",Sinting,Jamaican Creole
slippery /slimy ,sipple,Jamaican Creole
Sister ,Sistah,Jamaican Creole
Ladies ,Sistren,Jamaican Creole
scissors ,sizzas,Jamaican Creole
"A form of dancing originating in Jamaica, now most notably done in Ska/Reggae shows.  ",Skanking,Jamaican Creole
scatter ,Skatta,Jamaican Creole
"Prostitute or Golddigger,Slut ",Sketel,Jamaican Creole
smile ,skin dem teeth,Jamaican Creole
Smile ,Skin Teeth,Jamaican Creole
No remorse ,Skin Up,Jamaican Creole
Slang expression for when a female open her legs wide apart (either nude or scantily clad) which results in her exposing her vulva.,Skinout,Jamaican Creole
School ,Skool,Jamaican Creole
schooler ,Skoolah,Jamaican Creole
Idle ,Skylark,Jamaican Creole
Fatso ,Slabba,Jamaican Creole
chubby ,Slabby,Jamaican Creole
Lewd ,Slack,Jamaican Creole
"bad things, misbehavior ",Slackness,Jamaican Creole
"Smash,Sex ",Slam,Jamaican Creole
"Slang term normally used by males interchangeable for the word “sex”., Lick",Slap,Jamaican Creole
Sleep has no master. ,Sleep hab no massa,Jamaican Creole
Slim Girl ,slimmaz,Jamaican Creole
Somebody ,Smaddy,Jamaican Creole
Make room ,Small up yuhself,Jamaican Creole
Shake my damn head ,Smdh,Jamaican Creole
Reek ,Smell green,Jamaican Creole
Shaking my head ,Smh,Jamaican Creole
Smile ,Sml,Jamaican Creole
Smiles ,Smlz,Jamaican Creole
"The more a cow grows, the more it's nostrils opens ",so cow a grow so him nose hole,Jamaican Creole
That's how I like it ,So mi like it,Jamaican Creole
Only ,So so,Jamaican Creole
Moody ,Sometimish,Jamaican Creole
Be there soon ,Soon come,Jamaican Creole
I'll be there soon ,Soon Forward,Jamaican Creole
"Good sex, Bang ",Sort out,Jamaican Creole
"sound, sounds ",Soun,Jamaican Creole
"Sound boy, Disc Jockey ",Sound boy,Jamaican Creole
Music DJ ,Sound bwoy,Jamaican Creole
"A huge mobile disco used to keep street parties in Jamaica. A sound system normally consist of Djs, turntables and huge speakers.",Sound System,Jamaican Creole
"Sour,Sour ",Sowah,Jamaican Creole
When a Jamaican tries to speak in an American or British accent (but usually result in a poor attempt) .,Speaky Spokey,Jamaican Creole
marijuana cigarette ,Spliff,Jamaican Creole
Split ,Splurt,Jamaican Creole
Police Officer ,Squaddie,Jamaican Creole
Police Officer ,Squaddy,Jamaican Creole
A dance ,Squat,Jamaican Creole
"started,start ",staat,Jamaican Creole
"Mad person or demented,Mad person ",Stakki,Jamaican Creole
Stallion ,Stamina Daddy,Jamaican Creole
Stammer / stutter ,Stamma,Jamaican Creole
stand ,stan,Jamaican Creole
Dude ,Star,Jamaican Creole
"Celebrity, Famous ",Star bwoy,Jamaican Creole
On a cow's back yet cursing the cow ,Stay pon cow back and cuss cow,Jamaican Creole
Swear to God ,Stg,Jamaican Creole
A stranger does not know where the deep is ,Stranger nuh know where di dee,Jamaican Creole
Female Lover (Popularised by Mavado),Stullesha,Jamaican Creole
Stuck up ,Stush,Jamaican Creole
To disrespect or underrate,Style,Jamaican Creole
Suck your mothers ,Suck Unu Madda,Jamaican Creole
Suck your mother ,Suck yuh madda,Jamaican Creole
"speak, Talk  ",Taak,Jamaican Creole
Torment  ,Taament,Jamaican Creole
stab  ,tab,Jamaican Creole
a hardened criminal  ,tagereg,Jamaican Creole
Expose everything  ,Talk di tings dem,Jamaican Creole
strong or fearless  ,Tallawah,Jamaican Creole
beanie  ,Tam,Jamaican Creole
Tamarind  ,Tambrin,Jamaican Creole
Marijuana or weed  ,tampi,Jamaican Creole
Stay  ,Tan,Jamaican Creole
Stay at home  ,Tan a yuh yaad,Jamaican Creole
Stay there  ,Tan deh,Jamaican Creole
Slang expression for saying that a man has strong sexual prowess,Tan Pon It Long,Jamaican Creole
Stand Up  ,Tan up,Jamaican Creole
To pick up or carry something.  ,tangalang,Jamaican Creole
thank  ,tank,Jamaican Creole
Thanks  ,Tanks,Jamaican Creole
"top, Stop  ",Tap,Jamaican Creole
Boss  ,Tap a di tap,Jamaican Creole
Say them as they are.  ,tawk up di tings dem,Jamaican Creole
Tailor  ,Taylah,Jamaican Creole
Taste  ,Tayse,Jamaican Creole
Teacher  ,Teacha,Jamaican Creole
Teeth  ,Teet,Jamaican Creole
"someone of no class, uncouth, a hooligan  ",tegareg,Jamaican Creole
Thief  ,Teif,Jamaican Creole
"takes, taken, took, Take  ",Tek,Jamaican Creole
Use a basket to carry water  ,tek baaskit cyaary waata,Jamaican Creole
take the middle.  ,tek di miggle,Jamaican Creole
"Disrespect someone, to be rude to another.",Tek liberty Wid,Jamaican Creole
Take me for an idiot  ,Tek mi fi eediat,Jamaican Creole
Take milk out of a calf  ,Tek milk out a cawfe,Jamaican Creole
Take your time  ,Tek time,Jamaican Creole
Take away  ,Tek Weh,Jamaican Creole
Take away yourself  ,Tek weh yuself,Jamaican Creole
"A greedy woman or exploiter; She is only interested in a man for is his money, even if she has just met him.",Tekeisha,Jamaican Creole
Housing area that is generally poor or undeveloped.,Tenement yard,Jamaican Creole
A gift or present.  ,tenky massa,Jamaican Creole
Test  ,Tess,Jamaican Creole
because  ,Thrue,Jamaican Creole
Thursday  ,Thursdeh,Jamaican Creole
"tired, tired  ",Tiad,Jamaican Creole
Tiny insects  ,Tichi,Jamaican Creole
A firefly  ,Tichibu,Jamaican Creole
"Today is for me, tomorrow is for you  ",Tidday fi me tomorrow fi you,Jamaican Creole
The act of trapping someone in a romantic relationship using a Jamaican dark magic called obeah. This type of sorcery is practice mostly by women in order to keep their partners in a relationship because of financial or other perceived benefits.,Tie,Jamaican Creole
Time is longer than a rope  ,Time longa dan rope,Jamaican Creole
Thing  ,Ting,Jamaican Creole
"stuff, things  ",tings,Jamaican Creole
Conflict  ,Tings a gwaan,Jamaican Creole
"thinks, think, Stink  ",Tink,Jamaican Creole
Tities  ,Titi,Jamaican Creole
Tire  ,Tiya,Jamaican Creole
The way  ,To how,Jamaican Creole
Today  ,Todeh,Jamaican Creole
Together  ,Togedda,Jamaican Creole
tongue  ,tong,Jamaican Creole
tonight  ,tonite,Jamaican Creole
too nosy,too faas,Jamaican Creole
Sitting down too much wears out one’s trousers  ,Too much sidung bruk breeches,Jamaican Creole
Gun  ,Tool,Jamaican Creole
Rich Snob  ,Topanoris,Jamaican Creole
Going out  ,Touch di road,Jamaican Creole
Arrive  ,Touch dung,Jamaican Creole
What the f*ck!  ,Tpc,Jamaican Creole
"wanted, wants, want  ",waah,Jamaican Creole
wanna  ,waah fi,Jamaican Creole
Walk  ,Waak,Jamaican Creole
"warm, warm  ",waam,Jamaican Creole
"Want, Want  ",Waan,Jamaican Creole
Look here  ,Wacha,Jamaican Creole
Love  ,Wadada,Jamaican Creole
A fat or obsessed person.  ,waga waga,Jamaican Creole
bandwagon  ,Waggonist,Jamaican Creole
What  ,Wah,Jamaican Creole
"How about you, How are you doing?  ",Wah bout yuh Wah deh gwaan,Jamaican Creole
"the other day, The other day  ",Wah day,Jamaican Creole
what's  ,Wah deh,Jamaican Creole
"What's happening?, What's going on?  ",Wah deh gwaan,Jamaican Creole
What's going on with you?  ,Wah deh gwaan wid yuh,Jamaican Creole
"what will they do, what will they do  ",wah dem a guh duh,Jamaican Creole
What the f**k  ,Wah di rass,Jamaican Creole
"what's wrong with them, What’s wrong with them  ",Wah do dem,Jamaican Creole
"What drops off of the head, drops on the shoulder  ",Wah drap offa head drap pan s,Jamaican Creole
"What's going on, What's up, What's going on, What’s going on  ",Wah Gwaan,Jamaican Creole
What went wrong in the morning cannot be remedied in the evening.  ,Wah gwaan bad a mawnin cyaan,Jamaican Creole
What music do you like?  ,Wah kine a muzik yuh like,Jamaican Creole
Why  ,Wah mek,Jamaican Creole
What tastes good to a goat will later upset his stomach  ,Wah sweet nanny goat ago run h,Jamaican Creole
What are you saying  ,Wah yah seh,Jamaican Creole
what are you up to? Is everything OK?  ,wah you deh pon everything bal,Jamaican Creole
"What are you doing?, What are  you doing?  ",Wah yuh a duh,Jamaican Creole
What have you been up to?  ,Wah yuh a gwaan wid,Jamaican Creole
What are you doing  ,Wah yuh ah duh,Jamaican Creole
what have you been up to  ,wah yuh deh pon,Jamaican Creole
What do like to do?  ,Wah yuh like fi duh,Jamaican Creole
What's your name?  ,Wah yuh name,Jamaican Creole
What happened  ,Wahm,Jamaican Creole
what happen  ,Wahm,Jamaican Creole
Take care  ,Walk Good,Jamaican Creole
By passers  ,walk pass,Jamaican Creole
Be where you will be appreciated and respected.  ,Wan yai man ah king inna blind,Jamaican Creole
Gluttonous / Greedy  ,Wanga gut,Jamaican Creole
Youngest child  ,Wash belly,Jamaican Creole
Detox  ,Wash out,Jamaican Creole
Worthless person  ,Wasteman,Jamaican Creole
"What's happening, What's happening?  ",Wat a guh dung,Jamaican Creole
what is going on  ,Wat a gwaan,Jamaican Creole
"water, Water, Water  ",Wata,Jamaican Creole
There is more water than flour  ,Wata more than flour,Jamaican Creole
What about you  ,Wbu,Jamaican Creole
Wednesday  ,Wednesdeh,Jamaican Creole
Pot head / Stoner  ,Weed head,Jamaican Creole
weed group  ,weed jam,Jamaican Creole
weeks  ,Week dem,Jamaican Creole
"where's, Where  ",Weh,Jamaican Creole
What’s that for?  ,Weh dat fah,Jamaican Creole
where are they?  ,Weh dem deh,Jamaican Creole
Where is the gate?  ,Weh di gate deh,Jamaican Creole
Where is the restaurant?  ,Weh di restaurant deh,Jamaican Creole
Where should I get off?  ,Weh mi fi cum aff,Jamaican Creole
What are we going to do?  ,weh we a go do,Jamaican Creole
Where are you going?  ,Weh yah guh,Jamaican Creole
what are you doing?  ,Weh you ah duh,Jamaican Creole
What are you up to?  ,Weh yuh ah deal wid,Jamaican Creole
How are you doing?  ,Weh yuh ah seh,Jamaican Creole
Where are you from?  ,Weh yuh cum fram,Jamaican Creole
"Where are you?, where are you  ",Weh yuh deh,Jamaican Creole
What are you up to?  ,Weh yuh deh pon,Jamaican Creole
What did you say?,Weh yuh seh,Jamaican Creole
