word,creole_word,creole name
"say (one's) prayers, pray",fé (sô)  lapriyè,Louisiana Creole
phryou're welcome,pa-d-kwa,Louisiana Creole
make up one's mind,fé sô nidé,Louisiana Creole
let's,alon,Louisiana Creole
do one's homework,fé (sô)  dévwa,Louisiana Creole
do one's chores,fé (sô)  ménaj,Louisiana Creole
zanan,zafær,Louisiana Creole
young,jœn,Louisiana Creole
yet,enkòr,Louisiana Creole
yesterday,yær,Louisiana Creole
yellow,jonn,Louisiana Creole
"yell,shout","hélé, hèl",Louisiana Creole
year,(l) ané,Louisiana Creole
year (for counting age),(z) an,Louisiana Creole
yard,(la) kour,Louisiana Creole
write,ékri,Louisiana Creole
worth,vo,Louisiana Creole
worth,vo,Louisiana Creole
worry,"trakasé, trakas",Louisiana Creole
worm,(dé) vær,Louisiana Creole
work,louvraj,Louisiana Creole
work,ouvraj,Louisiana Creole
work,travay,Louisiana Creole
work,"travayé, travay",Louisiana Creole
word,paròl,Louisiana Creole
"wood,woods",dibwa,Louisiana Creole
"wood,woods",dibwa,Louisiana Creole
"woman,wife",fenm,Louisiana Creole
"woman,wife",fenm,Louisiana Creole
without,san,Louisiana Creole
with,avèk,Louisiana Creole
with,avèk,Louisiana Creole
"wire,string",fil,Louisiana Creole
"wire,string",fil,Louisiana Creole
winter,livær,Louisiana Creole
wine,divin,Louisiana Creole
window,(la) finèt,Louisiana Creole
window,(la) finèt,Louisiana Creole
wind,diven,Louisiana Creole
"win,earn","ganñé, ganñ",Louisiana Creole
wilt,"fònné, fònn",Louisiana Creole
willow tree,sol,Louisiana Creole
"wild,untamed",faroush,Louisiana Creole
why,kòfær,Louisiana Creole
"who,what,that (in relative clauses)",ki,Louisiana Creole
"who,what,that (in relative clauses)",ki,Louisiana Creole
whitewash,blanshi,Louisiana Creole
whitewash,blanshi,Louisiana Creole
white,blan,Louisiana Creole
white,blan,Louisiana Creole
whistle,"siflé, sif",Louisiana Creole
whiskey,wiski,Louisiana Creole
while,tandi,Louisiana Creole
"which,what",kèl,Louisiana Creole
"which,what",kèl,Louisiana Creole
where,éyou,Louisiana Creole
where,éyou,Louisiana Creole
when,ékan,Louisiana Creole
when,kan,Louisiana Creole
what,kwa,Louisiana Creole
what...?,ça...?,Louisiana Creole
what...?,kèl...?,Louisiana Creole
what...?,ki ça...?,Louisiana Creole
what...?,ki çé...?,Louisiana Creole
what...?,ki...?,Louisiana Creole
what...?,kèl...?,Louisiana Creole
"wet,rain","mouyé, mouy",Louisiana Creole
west,wès,Louisiana Creole
werewolf,lougarou,Louisiana Creole
weekend,fin-lasmèn,Louisiana Creole
weekend,fin-lasmèn,Louisiana Creole
week,(la) smènn,Louisiana Creole
Wednesday,mærkrédi,Louisiana Creole
"weather,time",tem,Louisiana Creole
weak,fèb,Louisiana Creole
weak,fèb,Louisiana Creole
"way (of doing),kinda",mòyær,Louisiana Creole
water,dolo,Louisiana Creole
"watch,look at","gèté, gèt",Louisiana Creole
wasp,djèp,Louisiana Creole
warn,aværti,Louisiana Creole
warn,aværti,Louisiana Creole
want,olé,Louisiana Creole
want,ve,Louisiana Creole
wall,(la) miray,Louisiana Creole
walk,"marshé, marsh",Louisiana Creole
walk,"marshé, marsh",Louisiana Creole
wait,"spéré, èspær",Louisiana Creole
wait (for),èspær (pou) ,Louisiana Creole
wait (for),èspær (pou) ,Louisiana Creole
"voyage,trip",vwayaj,Louisiana Creole
"voyage,trip",vwayaj,Louisiana Creole
vouzòtzòt,vou,Louisiana Creole
vouzòtzòt,vou,Louisiana Creole
vomit,vomi,Louisiana Creole
vomit,vomi,Louisiana Creole
"vomit,throw up","rèshté, rèshèt",Louisiana Creole
voice,(la) vwa,Louisiana Creole
voice,(la) vwa,Louisiana Creole
visit (person or place),"vizité, vizit",Louisiana Creole
visit (person or place),"vizité, vizit",Louisiana Creole
"violet (flower),violet (color)",vyolèt,Louisiana Creole
"violet (flower),violet (color)",vyolèt,Louisiana Creole
vinegar,vinég,Louisiana Creole
video,vidyo,Louisiana Creole
vegetables,jardinaj,Louisiana Creole
useful,itil,Louisiana Creole
used to,abichud,Louisiana Creole
use,"izé, iz",Louisiana Creole
use,"særvi, sær",Louisiana Creole
"use sparingly,economize","ménajé, ménaj",Louisiana Creole
"use sparingly,economize","ménajé, ménaj",Louisiana Creole
USA,Létazini,Louisiana Creole
"upset,change suddenly","boulværsé, boulværs",Louisiana Creole
"up,on,above",enlær,Louisiana Creole
until,jiska,Louisiana Creole
unique,inik,Louisiana Creole
unfortunately,malèrèzmen,Louisiana Creole
underwear,kalçon,Louisiana Creole
understand,komprenn,Louisiana Creole
uncle,nonk,Louisiana Creole
uncle,nonk,Louisiana Creole
ugly,lèd,Louisiana Creole
type of dance,koundjay,Louisiana Creole
two,dé,Louisiana Creole
"twigs,kindling",branshaj,Louisiana Creole
twenty,vin,Louisiana Creole
twenty-two,vin-dé,Louisiana Creole
twenty-one,vint-é-ènn,Louisiana Creole
twelve,douz,Louisiana Creole
turn,"tòrné, tòrn",Louisiana Creole
turn,"tòrné, tòrn",Louisiana Creole
turn out bad,sòrti salé,Louisiana Creole
turn (an age),fé zan,Louisiana Creole
Tuesday,mardi,Louisiana Creole
try,"séyé, séy",Louisiana Creole
trust,tròs,Louisiana Creole
TRUE,vré,Louisiana Creole
TRUE,vré,Louisiana Creole
truck,tròk,Louisiana Creole
tree,narb,Louisiana Creole
treasure,trézòr,Louisiana Creole
traveller,rodayœr,Louisiana Creole
travel,"vwayajé, vwayaj",Louisiana Creole
travel,"vwayajé, vwayaj",Louisiana Creole
"travel on the road,roam,gallivant","rodayé, roday",Louisiana Creole
"trail,drag","trènné, trènn",Louisiana Creole
town,vilaj,Louisiana Creole
toothache,mal-o-den,Louisiana Creole
tooth,den,Louisiana Creole
tool,zouti,Louisiana Creole
too,tro,Louisiana Creole
tonight,aswa,Louisiana Creole
tonight,aswa,Louisiana Creole
tomato,tomat,Louisiana Creole
tomato,tomat,Louisiana Creole
toilet,komod,Louisiana Creole
together,ensenm,Louisiana Creole
toe,zòrtèy,Louisiana Creole
today,jòrdi,Louisiana Creole
tobacco,taba,Louisiana Creole
toad,krapo,Louisiana Creole
time,fwa,Louisiana Creole
tiger,tig,Louisiana Creole
tiger,tig,Louisiana Creole
ticket,tikèt,Louisiana Creole
ticket,tikèt,Louisiana Creole
Thursday,jédi,Louisiana Creole
thunder,tònær,Louisiana Creole
thunder,tònær,Louisiana Creole
throw,"garoshé, garòsh",Louisiana Creole
"throw,get rid of","jété, jèt",Louisiana Creole
throw a party,fé sosyété,Louisiana Creole
three,trò,Louisiana Creole
"thousand,mile",mil,Louisiana Creole
thirty,trent,Louisiana Creole
thirty-one,trent-é-ènn,Louisiana Creole
thirteen,trèz,Louisiana Creole
thirsty,swaf,Louisiana Creole
think,"pensé, pens",Louisiana Creole
think,"pensé, pens",Louisiana Creole
think about,"jonglé, jong (pou/enho/apré) ",Louisiana Creole
"thing,something",kishòj,Louisiana Creole
"thick (with),heavy",dri,Louisiana Creole
"there,here,then",la,Louisiana Creole
there will be,nora,Louisiana Creole
there will be,nora,Louisiana Creole
there was/were,inavé,Louisiana Creole
there is/are,ina,Louisiana Creole
then,pi,Louisiana Creole
then,pi,Louisiana Creole
the bottom,ofon,Louisiana Creole
"than,that",ke,Louisiana Creole
"than,that",ke,Louisiana Creole
Texas,Tèksas,Louisiana Creole
ten,dis,Louisiana Creole
"teach,show","montré, mont",Louisiana Creole
tea,dité,Louisiana Creole
taste,"gouté, gou",Louisiana Creole
taste,"gouté, gou",Louisiana Creole
take,prenn,Louisiana Creole
"take off,remove","oté, ot",Louisiana Creole
tail,(la) ké,Louisiana Creole
tail,(la) ké,Louisiana Creole
table,(la) tab,Louisiana Creole
"syrup,womanizer",siro,Louisiana Creole
swim,"najé, naj",Louisiana Creole
"swim,bathe","bèñé, bèñ",Louisiana Creole
"swim,bathe","bèñé, bèñ",Louisiana Creole
sweet,dou,Louisiana Creole
sweet potato,patat dous,Louisiana Creole
sweet potato,patat dous,Louisiana Creole
sweep,"balé, bal",Louisiana Creole
sweat,swé,Louisiana Creole
swear,fé særmen,Louisiana Creole
"swear,promise",særmen,Louisiana Creole
"swamp,cypress swamp",sipriyær,Louisiana Creole
surprised,étòné,Louisiana Creole
surprised,étòné,Louisiana Creole
surname,nom-d-famiy,Louisiana Creole
surname,nom-d-famiy,Louisiana Creole
"sure,certain",sûr,Louisiana Creole
supposed to,sipozé (pou) ,Louisiana Creole
suppose,"sipozé, sipòz",Louisiana Creole
supper,soupé,Louisiana Creole
"super,wonderful",supærb,Louisiana Creole
sunset,soléy-koushé,Louisiana Creole
sunrise,soléy-lévé,Louisiana Creole
sunfish,patasa,Louisiana Creole
sunfish,patasa,Louisiana Creole
Sunday,dimansh,Louisiana Creole
sun,soléy,Louisiana Creole
summer,lété,Louisiana Creole
sugarcane,(dé) kann,Louisiana Creole
sugar,disik,Louisiana Creole
suck,"sisé, sis",Louisiana Creole
such,tèl,Louisiana Creole
"stupid,animal",bèt,Louisiana Creole
"stupid,animal",bèt,Louisiana Creole
study,"étidyé, étidi",Louisiana Creole
study,"étidyé, étidi",Louisiana Creole
student,étidyan,Louisiana Creole
student,étidyan,Louisiana Creole
"strong,loud",fòr,Louisiana Creole
"straw,husk",(la) pay,Louisiana Creole
"straw,husk",(la) pay,Louisiana Creole
stove,stov,Louisiana Creole
story,listwar,Louisiana Creole
store,boutik,Louisiana Creole
store,sto,Louisiana Creole
stop,"arété, arèt",Louisiana Creole
stop,"arété, arèt",Louisiana Creole
"stomach,belly",vent,Louisiana Creole
stomach ache,mal-o-vent,Louisiana Creole
still,stìl,Louisiana Creole
"sticker,thorn",pikan,Louisiana Creole
"sticker,thorn",pikan,Louisiana Creole
stick,baton,Louisiana Creole
"stew,smother","étoufé, étouf",Louisiana Creole
"stew,smother","étoufé, étouf",Louisiana Creole
"stay,remain,habitate,live,dwell","rèsté, rès",Louisiana Creole
stay out late gallivanting,fé lougarou,Louisiana Creole
state,léta,Louisiana Creole
"start,begin","komensé, komens",Louisiana Creole
star,létwal,Louisiana Creole
"standing,awake",débout,Louisiana Creole
"stairs,staircase",lèskalyé,Louisiana Creole
stagger,"baloté, balot",Louisiana Creole
squirrel,kiréy,Louisiana Creole
spring,printem,Louisiana Creole
spoon,kiyær,Louisiana Creole
splash around,"patouyé, patouy",Louisiana Creole
splash around,"patouyé, patouy",Louisiana Creole
spit,"krashé, krash",Louisiana Creole
"spirit,intelligence",lèspri,Louisiana Creole
spin records,spìnn,Louisiana Creole
spider,zaryin,Louisiana Creole
spice,épis,Louisiana Creole
spice,épis,Louisiana Creole
"spice,spicy,spiced",pimenté,Louisiana Creole
speak,"parlé, parl",Louisiana Creole
Spanish,spañol,Louisiana Creole
"Spanish (language),Spaniard",Lèspañol,Louisiana Creole
Spaniard,Spañol,Louisiana Creole
sow,"sinmé, sinm",Louisiana Creole
southeast,sidès,Louisiana Creole
south,sid,Louisiana Creole
soup,(la) soup,Louisiana Creole
soul,namm,Louisiana Creole
sorry,dézolé,Louisiana Creole
sorry,dézolé,Louisiana Creole
"sorry,sad",shagrin,Louisiana Creole
"sorry,sad",shagrin,Louisiana Creole
soon,talœr,Louisiana Creole
song,shanson,Louisiana Creole
song,shanson,Louisiana Creole
son-in-law,bo-fis,Louisiana Creole
son-in-law,bo-fis,Louisiana Creole
somewhere,kèk plas,Louisiana Creole
somewhere,kèk plas,Louisiana Creole
sometimes,défwa,Louisiana Creole
something,kèk zafær,Louisiana Creole
something,kèk zafær,Louisiana Creole
some,dê,Louisiana Creole
some,kèk,Louisiana Creole
some,kèk,Louisiana Creole
"sofa,couch",sofa,Louisiana Creole
so,ça-fé,Louisiana Creole
so-so,pokapok,Louisiana Creole
"so many,so",tan,Louisiana Creole
"so (to emphasize an adjective),so much,so many",si tèlmen,Louisiana Creole
snow,(la) nèj,Louisiana Creole
snow,"néjé, nèj",Louisiana Creole
sneeze,"étærné, étærn",Louisiana Creole
sneeze,"étærné, étærn",Louisiana Creole
snapping turtle,kawènn,Louisiana Creole
snapping turtle,kawènn,Louisiana Creole
smoke,(la) boukònn,Louisiana Creole
smoke tobacco,"fimé, fimm",Louisiana Creole
smoke tobacco,"fimé, fimm",Louisiana Creole
"smoke (meat),smoked",boukònné,Louisiana Creole
smart,smat,Louisiana Creole
"small,little",piti,Louisiana Creole
"small,little",ti,Louisiana Creole
"slow,slowly",dousmen,Louisiana Creole
slime,(la) gli,Louisiana Creole
slime,(la) gli,Louisiana Creole
sleep,"dòrmi, dòr",Louisiana Creole
"sky,heaven",syèl,Louisiana Creole
skin,(la) po,Louisiana Creole
sixty,swasant,Louisiana Creole
sixty-one,swasant-é-ènn,Louisiana Creole
sixteen,sèz,Louisiana Creole
six,sis,Louisiana Creole
sit,asit,Louisiana Creole
sit,asit,Louisiana Creole
sister,sœr,Louisiana Creole
sister-in-law,bèl-sœr,Louisiana Creole
sister-in-law,bèl-sœr,Louisiana Creole
sing,"shanté, shant",Louisiana Creole
sing,"shanté, shant",Louisiana Creole
sign,nòtis,Louisiana Creole
sign,nòtis,Louisiana Creole
sign,siñ,Louisiana Creole
sick,malad,Louisiana Creole
"shut up,quiet",pé,Louisiana Creole
"shut up,quiet",pé,Louisiana Creole
shrimp,shevrèt,Louisiana Creole
shrimp,shevrèt,Louisiana Creole
shoulder,zépol,Louisiana Creole
short,kout,Louisiana Creole
shoes,soulyé,Louisiana Creole
shit,"shiyé, shiy",Louisiana Creole
shit,"shiyé, shiy",Louisiana Creole
shirt,shimij,Louisiana Creole
shirt,shimij,Louisiana Creole
ship,batimen,Louisiana Creole
shine,"briyé, briy",Louisiana Creole
shelter,(l) abri,Louisiana Creole
shell,kokiy,Louisiana Creole
sheep,mouton,Louisiana Creole
shatter,"brizé, briz",Louisiana Creole
share,"partajé, partaj",Louisiana Creole
share,"partajé, partaj",Louisiana Creole
shame,hont,Louisiana Creole
"shame,damage",domaj,Louisiana Creole
shade,(l) ombraj,Louisiana Creole
seventy,swasant-dis,Louisiana Creole
seventy-one,swasant-onz,Louisiana Creole
seventeen,dis-sèt,Louisiana Creole
seven,sèt,Louisiana Creole
September,sèptemb,Louisiana Creole
"send,throw","voyé, vòy",Louisiana Creole
"send,throw","voyé, vòy",Louisiana Creole
sell,venn,Louisiana Creole
"seem,appear",gin lè,Louisiana Creole
"seem,appear,look like",senm,Louisiana Creole
"seek,look for","sharshé, sharsh",Louisiana Creole
"seek,look for","sharshé, sharsh",Louisiana Creole
seed,grènn,Louisiana Creole
seed,grènn,Louisiana Creole
see,war,Louisiana Creole
second,dèzyèm,Louisiana Creole
second,dèzyèm,Louisiana Creole
season,(la) sézon,Louisiana Creole
"season,seasoned","sézonné, sézonn",Louisiana Creole
scratch,"graté, grat",Louisiana Creole
scratch,"graté, grat",Louisiana Creole
school,lékòl,Louisiana Creole
"say,tell",di,Louisiana Creole
"say,tell",di,Louisiana Creole
save,"sové, sov",Louisiana Creole
sausage,sosis,Louisiana Creole
sauce,(la) sòs,Louisiana Creole
Saturday,sanmdi,Louisiana Creole
sassafras,sasafra,Louisiana Creole
"same,similar",paréy,Louisiana Creole
"same,even",minm,Louisiana Creole
"salt,salted",salé,Louisiana Creole
salad,(la) salad,Louisiana Creole
sad,tris,Louisiana Creole
"rusted,rusty",rouyé,Louisiana Creole
"rusted,rusty",rouyé,Louisiana Creole
"run,manage","galopé, galòp",Louisiana Creole
rooster,korish,Louisiana Creole
room,(la) sal,Louisiana Creole
"room,bedroom",shanm,Louisiana Creole
"room,bedroom",shanm,Louisiana Creole
roof,twa,Louisiana Creole
"roast,grill",roti,Louisiana Creole
"roast,grill",roti,Louisiana Creole
"road,path",shmin,Louisiana Creole
river,(la) rivyær,Louisiana Creole
ripe,mir,Louisiana Creole
right,drwa,Louisiana Creole
right,gin rézon,Louisiana Creole
"right here,right then",drèt-la,Louisiana Creole
right (direction),adrwa,Louisiana Creole
ride,"monté, mont",Louisiana Creole
rice,diri,Louisiana Creole
"rest,relax (sometimes reflexive)","(ré) pozé, poz",Louisiana Creole
respect,rèspé,Louisiana Creole
respect,"rèspèkté, rèspèk",Louisiana Creole
"répozé, répozpozé, poz",répons,Louisiana Creole
rent,"loué, lou",Louisiana Creole
remember,"raplé, rapèl",Louisiana Creole
"remedy,medicine",rémèd,Louisiana Creole
refrigerator,glasyær,Louisiana Creole
refrigerator,glasyær,Louisiana Creole
ready,paré,Louisiana Creole
read,lir,Louisiana Creole
rat,ra,Louisiana Creole
rare,rar,Louisiana Creole
"raise,grow","èlvé, (è) lèv",Louisiana Creole
rain,(la) pli,Louisiana Creole
race,(la) ras,Louisiana Creole
raccoon,shawi,Louisiana Creole
raccoon,shawi,Louisiana Creole
question,kèstyon,Louisiana Creole
question,kèstyon,Louisiana Creole
"put,put on",mèt,Louisiana Creole
"put,put on",mèt,Louisiana Creole
"push,grow","pousé, pous",Louisiana Creole
pure,pur,Louisiana Creole
proyou (subject),to,Louisiana Creole
proyou (subject),to,Louisiana Creole
proyou (plural) (subject and object),(vou) zòt,Louisiana Creole
proyou (object),twa,Louisiana Creole
prowe (subject),"no, nouzòt",Louisiana Creole
prous (object),"nou, nouzòt",Louisiana Creole
prous (object),"nou, nouzòt",Louisiana Creole
proud,fyær,Louisiana Creole
prothey (subject and object),yé,Louisiana Creole
"prothat,what,it,they",ça,Louisiana Creole
protect,"protéjé, protèj",Louisiana Creole
prosomeone,kèkènn,Louisiana Creole
prosomeone,kèkènn,Louisiana Creole
prosomeone else,kèkènn dòt,Louisiana Creole
prosomeone else,kèkènn dòt,Louisiana Creole
"proshe,her (object and subject pronoun)",èl,Louisiana Creole
"proreflexive pronoun,-self",#NAME?,Louisiana Creole
promise,promèt,Louisiana Creole
prome (object),mò,Louisiana Creole
proI (subject),mo,Louisiana Creole
"prohe,she,it",li,Louisiana Creole
progressive marker,ap(é) ,Louisiana Creole
progressive marker,ap(é) ,Louisiana Creole
progress,"avansé, avans",Louisiana Creole
progress,"avansé, avans",Louisiana Creole
"problem,trouble",traka,Louisiana Creole
prison,prizon,Louisiana Creole
"prevent,fish,sin","pèshé, pèsh",Louisiana Creole
"prevent,fish,sin","pèshé, pèsh",Louisiana Creole
"pretty,beautiful",joli,Louisiana Creole
"pretty much,essentially,basically",jolimen,Louisiana Creole
pregnant,enfamiy,Louisiana Creole
"prefer,would be better",vo myé,Louisiana Creole
"prefer,would be better",vo myé,Louisiana Creole
pray,"priyé, priy",Louisiana Creole
prairie,pléri,Louisiana Creole
"powder,dust,gunpowder",(la) poud,Louisiana Creole
"potato,sweet potato",patat,Louisiana Creole
"potato,sweet potato",patat,Louisiana Creole
"pot,pan",shodyær,Louisiana Creole
possum,ra-d-bwa,Louisiana Creole
porch,(la) galri,Louisiana Creole
popcorn,taktak,Louisiana Creole
"poor,unfortunate,sad",maléré,Louisiana Creole
poop,kaka,Louisiana Creole
poop,kròt,Louisiana Creole
police,polis,Louisiana Creole
pleasure,plézir,Louisiana Creole
play,"joué, jou",Louisiana Creole
"plate,dish (of food)",pla,Louisiana Creole
plant,plant,Louisiana Creole
plant,"planté, plant",Louisiana Creole
plain,plènn,Louisiana Creole
"place,space",plas,Louisiana Creole
pitchfork,foursh,Louisiana Creole
pink,roz,Louisiana Creole
pink,roz,Louisiana Creole
pig,koshon,Louisiana Creole
pie,pay,Louisiana Creole
pie,pay,Louisiana Creole
"picture,photo,movie",pòrtré,Louisiana Creole
phrneed to (do something),ifo,Louisiana Creole
phrHappy birthday!,Bonn fèt!,Louisiana Creole
phrHappy birthday!,Bonn fèt!,Louisiana Creole
phrAmen,Insiswatil,Louisiana Creole
phone,fonn,Louisiana Creole
pho (Vietnamese soup),fò,Louisiana Creole
pho (Vietnamese soup),fò,Louisiana Creole
person,moun,Louisiana Creole
persimmon,plakminn,Louisiana Creole
pepper (vegetable),pimen,Louisiana Creole
pelican,pélikan,Louisiana Creole
pelican,pélikan,Louisiana Creole
pee,pipi,Louisiana Creole
pecan,pakònn,Louisiana Creole
pear,(dé) pwar,Louisiana Creole
"peaceful,quiet,calm",trankil,Louisiana Creole
pay,"péyé, péy",Louisiana Creole
pay,"péyé, péy",Louisiana Creole
"paw,leg or foot (of animal)",(la) pat,Louisiana Creole
"paw,leg or foot (of animal)",(la) pat,Louisiana Creole
"past marker,was",té,Louisiana Creole
"pass,pass away","pasé, pas",Louisiana Creole
"pass,pass away","pasé, pas",Louisiana Creole
"parent,relative",paren,Louisiana Creole
pants,kilot,Louisiana Creole
pants,pantalon,Louisiana Creole
pantry,gar-manjé,Louisiana Creole
oyster,(dé) zwit,Louisiana Creole
oyster,(dé) zwit,Louisiana Creole
owl,ibou,Louisiana Creole
oven,fou,Louisiana Creole
"outside,outside of",endéyòr,Louisiana Creole
out of sorts,kagou,Louisiana Creole
others,(dé) zòt,Louisiana Creole
other,dòt,Louisiana Creole
other,lòt,Louisiana Creole
"orange (fruit),orange (color)",zoranj,Louisiana Creole
or,ou,Louisiana Creole
open,"ouvri, ouvær",Louisiana Creole
onomhaha,kiki,Louisiana Creole
onion,zònyon,Louisiana Creole
"one,a(n)",in,Louisiana Creole
on,sur,Louisiana Creole
"on,in",en,Louisiana Creole
"on,above",enho,Louisiana Creole
"on top,over",dési,Louisiana Creole
"on top,over",dési,Louisiana Creole
old,vyé,Louisiana Creole
old,vyé,Louisiana Creole
okra,févi,Louisiana Creole
okra,févi,Louisiana Creole
oilfield,klo lwil,Louisiana Creole
oil,lwil,Louisiana Creole
often,souven,Louisiana Creole
"of,to,from,at",a,Louisiana Creole
October,oktòb,Louisiana Creole
ocean,(la) mær,Louisiana Creole
nut,nwa,Louisiana Creole
nut,nwa,Louisiana Creole
number,liméro/niméro,Louisiana Creole
"nphrtoo many,too much",tro bokou,Louisiana Creole
nphrteacher (male),mèt-(d) -lékol/mèt,Louisiana Creole
nphrteacher (male),mèt-(d) -lékol/mèt,Louisiana Creole
nphrteacher (female),métrès,Louisiana Creole
nphrteacher (female),métrès,Louisiana Creole
nphrsuch and such,tèl-é-tèl,Louisiana Creole
nphrsore throat,mal-lagòrj/mal-de-gòrj,Louisiana Creole
nphrshorts,kilot kout,Louisiana Creole
nphrPalm Sunday,Dimansh Ramo,Louisiana Creole
"nphrinsect,bug",ti-bétay,Louisiana Creole
nphrHoly Saturday,Sammdi Sin,Louisiana Creole
nphrheartburn,brilmen-lèstoma,Louisiana Creole
nphrheadache,mal-latèt/mal-de-tèt,Louisiana Creole
nphrGood Friday,Vendrédi Sin,Louisiana Creole
nphrflood,dolo ho,Louisiana Creole
nphreveryone,toumoun,Louisiana Creole
nphreveryone,toumoun,Louisiana Creole
"nphreveryone,everybody",toukèkunn,Louisiana Creole
"nphreveryone,everybody",toukèkunn,Louisiana Creole
nphrear of corn,népi-mayi,Louisiana Creole
nphrcornstalk,baton-mayi,Louisiana Creole
nphrAsh Wednesday,Mærkrédi-dê-Senn,Louisiana Creole
nphranywhere,nimpòrt éyou,Louisiana Creole
nphranywhere,nimpòrt ki plas,Louisiana Creole
nphranything,nimpòrt ki zafær,Louisiana Creole
nphranything,nimpòrt kishòj,Louisiana Creole
nphranybody,nimpòrt ki moun,Louisiana Creole
nphrAll Saints Day,Tou-Sin,Louisiana Creole
nphrAll Saints Day,Tou-Sin,Louisiana Creole
nphrafternoon,aprémidi,Louisiana Creole
nphrafternoon,aprémidi,Louisiana Creole
nphra while,bout-d-tem,Louisiana Creole
nphra lot,in ta,Louisiana Creole
nphra little,ti brin,Louisiana Creole
nowhere,pa nil-plas,Louisiana Creole
now,astœr,Louisiana Creole
now,astœr,Louisiana Creole
"now and then,occasionally",tem-zen-tem,Louisiana Creole
November,novemb,Louisiana Creole
November,novemb,Louisiana Creole
nothing,ariyin,Louisiana Creole
nothing,ariyin,Louisiana Creole
not yet,pa enkòr,Louisiana Creole
not much,pa gran-shòj,Louisiana Creole
"['not care,"" not give a flyin' fiddlestick",fou pa mal,Louisiana Creole
not at all,pa ditou,Louisiana Creole
north,nòr,Louisiana Creole
north,nòr,Louisiana Creole
noon,midi,Louisiana Creole
"noise,train",trin,Louisiana Creole
no one,(pa)  pærsonn,Louisiana Creole
ninety,katré-vin-dis,Louisiana Creole
ninety,katré-vin-dis,Louisiana Creole
nineteen,diz-nèf,Louisiana Creole
nine,"nèf, nœf",Louisiana Creole
nightmare,koushmar,Louisiana Creole
night,(la) nwit,Louisiana Creole
night,(la) nwit,Louisiana Creole
niece,nyès,Louisiana Creole
niece,nyès,Louisiana Creole
nickname,ti-nom,Louisiana Creole
nickname,ti-nom,Louisiana Creole
next,proshin,Louisiana Creole
new,nouvo,Louisiana Creole
new,nouvo,Louisiana Creole
New Orleans,Envil,Louisiana Creole
New Orleans,Envil,Louisiana Creole
New Orleans,Lavilvil,Louisiana Creole
New Orleans,Nouvèl-Òrléan,Louisiana Creole
New Orleans,Nouvèl-Òrléan,Louisiana Creole
"never,ever",jamé,Louisiana Creole
nest,nik,Louisiana Creole
nephew,névé,Louisiana Creole
"neighborhood,vicinity",vwazinaj,Louisiana Creole
"neighborhood,vicinity",vwazinaj,Louisiana Creole
neighbor (male or female),vwazin,Louisiana Creole
neighbor (male or female),vwazin,Louisiana Creole
neighbor (female),vwazinn,Louisiana Creole
neighbor (female),vwazinn,Louisiana Creole
"negative marker,not",pa,Louisiana Creole
need,bezwin,Louisiana Creole
need,bezwin,Louisiana Creole
neck,kou,Louisiana Creole
nearby,opré,Louisiana Creole
"near,nearly,almost",pròsh,Louisiana Creole
"near,close",pré,Louisiana Creole
"near,around",ora,Louisiana Creole
natural,natirèl,Louisiana Creole
nap,singgo,Louisiana Creole
name,nom,Louisiana Creole
nail,klou,Louisiana Creole
nail,"klouyé, klou",Louisiana Creole
mustard,(la) moutard,Louisiana Creole
mustache,moustash,Louisiana Creole
musician,mizisyin,Louisiana Creole
musical instrument,linstrumen,Louisiana Creole
music,(la) mizik,Louisiana Creole
mule,milé,Louisiana Creole
mud,(la) bou,Louisiana Creole
"Mrs.,"" ma'am, lady,wife",madamm,Louisiana Creole
"Mr.,sir,gentleman",misyé,Louisiana Creole
"move,shake","grouyé, grouy",Louisiana Creole
move house,"déménajé, déménaj",Louisiana Creole
mouth,(la) boush,Louisiana Creole
mouth (informal),(la) djœl,Louisiana Creole
mountain,montañ,Louisiana Creole
mother,mær,Louisiana Creole
"mother-in-law,stepmother",bèl-mær,Louisiana Creole
"mother-in-law,stepmother",bèl-mær,Louisiana Creole
mosquito,maringwin,Louisiana Creole
mosquito,maringwin,Louisiana Creole
more,pli(s) ,Louisiana Creole
moon,(la) linn,Louisiana Creole
Monday,lindi,Louisiana Creole
mom,moman,Louisiana Creole
mix,"mèlé, mèl",Louisiana Creole
mix,méli-mélanj,Louisiana Creole
mix,"mèlé, mèl",Louisiana Creole
mix,méli-mélanj,Louisiana Creole
"miss,almost do something","manké, mank",Louisiana Creole
"misery,trouble",(la) mizær,Louisiana Creole
mint,dibonm,Louisiana Creole
mint,dibonm,Louisiana Creole
milk,dilé,Louisiana Creole
melon,(dé) mlon,Louisiana Creole
meet,jwènn,Louisiana Creole
meet,jwènn,Louisiana Creole
meet (someone for the first time),fé lakònésans (avèk) ,Louisiana Creole
medicine,médsinn,Louisiana Creole
medicine,médsinn,Louisiana Creole
meat,(la) vyann,Louisiana Creole
meat,(la) vyann,Louisiana Creole
mean,minn,Louisiana Creole
"mean,nasty,ugly",vilin,Louisiana Creole
maybe,petèt,Louisiana Creole
maybe,petèt,Louisiana Creole
May,mé,Louisiana Creole
May,mé,Louisiana Creole
marry,"mariyé, mari",Louisiana Creole
marry,"mariyé, mari",Louisiana Creole
married name,nom-d-maryaj,Louisiana Creole
married name,nom-d-maryaj,Louisiana Creole
marriage,maryaj,Louisiana Creole
marriage,maryaj,Louisiana Creole
Mardi Gras,Karnaval,Louisiana Creole
Mardi Gras,Karnaval,Louisiana Creole
March,mars,Louisiana Creole
March,mars,Louisiana Creole
many,plizyær,Louisiana Creole
"many,very",bokou,Louisiana Creole
"many,very",bokou,Louisiana Creole
manure,fimyé,Louisiana Creole
manure,fimyé,Louisiana Creole
man,nonm,Louisiana Creole
man,nonm,Louisiana Creole
male genitalia,klouk,Louisiana Creole
make eyes (at),fé zyé dou (apré) ,Louisiana Creole
"mad,angry",shoké,Louisiana Creole
"machine,motor",mashinn,Louisiana Creole
"machine,motor",mashinn,Louisiana Creole
lunch,lonch,Louisiana Creole
"lunch,eat lunch","diné, dinn",Louisiana Creole
lucky,gin lashans,Louisiana Creole
"luck,chance",(la) shans,Louisiana Creole
"luck,chance",(la) shans,Louisiana Creole
love,(l) amour,Louisiana Creole
"love,like","linmé, linm",Louisiana Creole
lottery,(la) lotri,Louisiana Creole
lost,pærdi,Louisiana Creole
lose,pærd,Louisiana Creole
"look at,seem like,watch","gardé, gar",Louisiana Creole
long time,lontem,Louisiana Creole
lombrajombraj,lofis,Louisiana Creole
lock,aklé,Louisiana Creole
"lock,block","baré, bar",Louisiana Creole
"living,alive",vivan,Louisiana Creole
"living,alive",vivan,Louisiana Creole
living room,salon,Louisiana Creole
livestock,bétay,Louisiana Creole
livestock,bétay,Louisiana Creole
"live,dwell",viv,Louisiana Creole
little piece,mòrso,Louisiana Creole
"listen,cost","kouté, kout",Louisiana Creole
list,lis,Louisiana Creole
lip,babìnn,Louisiana Creole
like,konm,Louisiana Creole
lightning,zéklær,Louisiana Creole
light,(la) limyær,Louisiana Creole
"light,thin",léjé,Louisiana Creole
life,(la) vi,Louisiana Creole
lie,"menti, men",Louisiana Creole
lie,"menti, men",Louisiana Creole
lézòtzòt,lézar,Louisiana Creole
level,nivo,Louisiana Creole
"lesson,moral",léçon,Louisiana Creole
less,mwins,Louisiana Creole
Lent,Karèm,Louisiana Creole
lemon,limon,Louisiana Creole
leg,jamb,Louisiana Creole
left,agosh,Louisiana Creole
"left (as opposed to right),awkward,clumsy",gosh,Louisiana Creole
"left (as opposed to right),awkward,clumsy",gosh,Louisiana Creole
leave,"parti, par",Louisiana Creole
leave,"parti, par",Louisiana Creole
"leave,let","kité, kit",Louisiana Creole
"leave,let","lésé, lès",Louisiana Creole
"leave,gone",gonn,Louisiana Creole
"leave,gone",gonn,Louisiana Creole
"learn,teach",aprenn,Louisiana Creole
"learn,teach",aprenn,Louisiana Creole
leaf,féy,Louisiana Creole
leaf,féy,Louisiana Creole
lazy,parésé,Louisiana Creole
lavyannvyann,Lavonn,Louisiana Creole
late,tar,Louisiana Creole
last,dærñær,Louisiana Creole
last (for a while),"diré, dir",Louisiana Creole
lamp,(la) lamp,Louisiana Creole
lahanshhansh,laba,Louisiana Creole
"know,can,able",koné,Louisiana Creole
knife,kouto,Louisiana Creole
knee,jnou,Louisiana Creole
kitchen,(la) kizinn,Louisiana Creole
"kind,type,sort",kalité,Louisiana Creole
kill,"choué, chou",Louisiana Creole
key,(la) klé,Louisiana Creole
justice,(la) jistis,Louisiana Creole
just,jish,Louisiana Creole
June,jwin,Louisiana Creole
June,jwin,Louisiana Creole
"jumble,mess",galimacha,Louisiana Creole
July,jilyèt,Louisiana Creole
juice,diji,Louisiana Creole
jug,djòg,Louisiana Creole
joy,(la) jwa,Louisiana Creole
joy,(la) jwa,Louisiana Creole
joke,fé fars,Louisiana Creole
job,djòb,Louisiana Creole
Jewish,jwif,Louisiana Creole
Jewish,jwif,Louisiana Creole
jazz,djaz,Louisiana Creole
January,janvyé,Louisiana Creole
jambalaya,jambalaya,Louisiana Creole
jacket,jakèt,Louisiana Creole
Italian,italyin,Louisiana Creole
it was,çé té,Louisiana Creole
"interjyeyaille!,wow!",yéyay!,Louisiana Creole
interjyes,wi,Louisiana Creole
interjwell (discourse particle),wèl,Louisiana Creole
interjvoilà,vwala,Louisiana Creole
interjvoilà,vwala,Louisiana Creole
interjthough (discourse particle),do,Louisiana Creole
"['interjthen,so,"" Fr. 'donc'",alòr,Louisiana Creole
interjthanks,mærsi,Louisiana Creole
interjthanks,mèsi,Louisiana Creole
interjthanks,mèsi,Louisiana Creole
interjso (discourse particle),so,Louisiana Creole
interjplease,"sitoplé, sivouplé",Louisiana Creole
interjplease,tanpri,Louisiana Creole
interjno,non,Louisiana Creole
interjno,non,Louisiana Creole
interjhey!,hé!,Louisiana Creole
interjhello,bonjou,Louisiana Creole
interjhello,bonjou,Louisiana Creole
interjgoodbye,orévwar,Louisiana Creole
"interjgood evening,good night",bonswa,Louisiana Creole
"interesting,interested",intérèsé,Louisiana Creole
inside,endan,Louisiana Creole
injure,"blèsé, blès",Louisiana Creole
injure,"blèsé, blès",Louisiana Creole
Indian (Native American),zindyin,Louisiana Creole
in,dan,Louisiana Creole
in front of,dévan,Louisiana Creole
in front of,dévan,Louisiana Creole
in front of,ennavan,Louisiana Creole
"in back,behind",ennaryær,Louisiana Creole
impossible,impòsib,Louisiana Creole
important,impòrtan,Louisiana Creole
Illinois,Ozilinwa,Louisiana Creole
"if,so",si,Louisiana Creole
"idea,mind,thought",nidé,Louisiana Creole
"ice,ice cream,frost",(la) glas,Louisiana Creole
"ice,ice cream,frost",(la) glas,Louisiana Creole
husband,mari,Louisiana Creole
husband,mari,Louisiana Creole
hurt,fé mal,Louisiana Creole
"hurricane,storm",lòragan,Louisiana Creole
hunt,"shasé, shas",Louisiana Creole
hunt,"shasé, shas",Louisiana Creole
hungry,fim,Louisiana Creole
hungry,fim,Louisiana Creole
humid,imid,Louisiana Creole
"hug,kiss","embrasé, embras",Louisiana Creole
how,komen,Louisiana Creole
how many,kombyin,Louisiana Creole
house,(la) mézon,Louisiana Creole
"['hour,"" o'clock",lœr,Louisiana Creole
"['hour,"" o'clock",zœr,Louisiana Creole
hot,sho,Louisiana Creole
hospital,lopital,Louisiana Creole
horseshoe,fær-a-shwal,Louisiana Creole
horse,shval,Louisiana Creole
horn,kòrn,Louisiana Creole
"hope,wish","swaté, swat",Louisiana Creole
honeybee,moush-a-myèl,Louisiana Creole
honey,dimyèl,Louisiana Creole
hold,chombo,Louisiana Creole
"hoe,dig","pyoshé, pyòsh",Louisiana Creole
"hit,strike,bump","koñé, koñ",Louisiana Creole
hip,(la) hansh,Louisiana Creole
"hide,hidden",kashé,Louisiana Creole
"hide,hidden",kashé,Louisiana Creole
heritage,léritaj,Louisiana Creole
here,isit,Louisiana Creole
herbal tea,(la) tizann,Louisiana Creole
herbal tea,(la) tizann,Louisiana Creole
henhouse,poulayé,Louisiana Creole
help,"èdé, èd",Louisiana Creole
heavy,lour,Louisiana Creole
heaven,paradi,Louisiana Creole
heartburn,mal-o-kœr,Louisiana Creole
heart,kœr,Louisiana Creole
hear,"tendé, tenn",Louisiana Creole
healthy,gayar,Louisiana Creole
"heal,cure",géri,Louisiana Creole
"headscarf,tignon",tiyon,Louisiana Creole
"headscarf,tignon",tiyon,Louisiana Creole
head,(la) tèt,Louisiana Creole
hay,difwin,Louisiana Creole
hay,difwin,Louisiana Creole
have,gin,Louisiana Creole
have to,gin pou,Louisiana Creole
"have to,must",dwa,Louisiana Creole
have nerve,gin toupé,Louisiana Creole
hat,shapo,Louisiana Creole
hat,shapo,Louisiana Creole
"harvest,crop",rékòlt,Louisiana Creole
harden,dursi,Louisiana Creole
"hard,difficult",dur,Louisiana Creole
happy,konten,Louisiana Creole
hang,penn,Louisiana Creole
hang,penn,Louisiana Creole
hand,(la) min,Louisiana Creole
half-sister,mòché-sœr,Louisiana Creole
half-brother,mòché-frær,Louisiana Creole
half of,(la) mòché,Louisiana Creole
half (used in telling time),demi,Louisiana Creole
hair,shévé,Louisiana Creole
hair,shévé,Louisiana Creole
"guy,man",boug,Louisiana Creole
gumbo,gombo,Louisiana Creole
gumbo,gombo,Louisiana Creole
Gulf of Mexico,Gòlf,Louisiana Creole
Gulf of Mexico,Gòlf,Louisiana Creole
guitar,gita,Louisiana Creole
guitar,gita,Louisiana Creole
"grow,grow up,get fat",grosi,Louisiana Creole
grow-up,gran-moun,Louisiana Creole
grow-up,gran-moun,Louisiana Creole
"grow up,grow",grandi,Louisiana Creole
"grow up,grow",grandi,Louisiana Creole
grocery store,(la) grosri,Louisiana Creole
grits,digri,Louisiana Creole
grits,digri,Louisiana Creole
grill,gril,Louisiana Creole
grill,gril,Louisiana Creole
"grill,roast","griyé, griy",Louisiana Creole
"grill,roast","griyé, griy",Louisiana Creole
green,vær,Louisiana Creole
green peas,(dé) pwa,Louisiana Creole
"great,excellent,nice",vayan,Louisiana Creole
great-grandchild,gran-ti-zenfan,Louisiana Creole
great-grandchild,gran-ti-zenfan,Louisiana Creole
grass,zærb,Louisiana Creole
grandson,ti-garçon,Louisiana Creole
grandson,ti-garçon,Louisiana Creole
grandparents,gran-paren,Louisiana Creole
grandparents,gran-paren,Louisiana Creole
grandmother/grandma,gran-mær/gran-moman,Louisiana Creole
grandmother/grandma,gran-mær/gran-moman,Louisiana Creole
grandfather/grandpa,gran-pær/gran-popa,Louisiana Creole
grandfather/grandpa,gran-pær/gran-popa,Louisiana Creole
granddaughter,ti-fiy,Louisiana Creole
grandchild,"ti-zenfan, ti-piti",Louisiana Creole
grandchild,"ti-zenfan, ti-piti",Louisiana Creole
gossip,kòmærs,Louisiana Creole
goose,(dé) zwa,Louisiana Creole
good,bon,Louisiana Creole
good,bon,Louisiana Creole
"good,well,very",byin,Louisiana Creole
good-for-nothing,bonn-aryin,Louisiana Creole
good-for-nothing,bonn-aryin,Louisiana Creole
godson,fiyo,Louisiana Creole
godson,fiyo,Louisiana Creole
godmother,marènn,Louisiana Creole
godfather,parin,Louisiana Creole
goddaughter,fiyèl,Louisiana Creole
goddaughter,fiyèl,Louisiana Creole
God,Bondjè,Louisiana Creole
God,Bondjè,Louisiana Creole
go,alé,Louisiana Creole
go,kouri,Louisiana Creole
"go to bed,lie down","koushé, koush",Louisiana Creole
go grocery shopping,fé grosri,Louisiana Creole
"go down,get off",désann,Louisiana Creole
glasses,linèt,Louisiana Creole
"glass,glass (for drinking)",vær,Louisiana Creole
give,donn,Louisiana Creole
give as a gift,fé kado,Louisiana Creole
"girlfriend,lover (female)",kalinn,Louisiana Creole
"girlfriend,female lover",bèl,Louisiana Creole
"girl,daughter",fiy,Louisiana Creole
"girl,daughter",fiy,Louisiana Creole
gift,kado,Louisiana Creole
"get,catch,trap","trapé, trap",Louisiana Creole
"get up,raise","lévé, lèv",Louisiana Creole
get drunk,"chaké, chak",Louisiana Creole
get dirty,sali,Louisiana Creole
get cold,frédi,Louisiana Creole
German,Alman,Louisiana Creole
"gather,pick up,collect","ramasé, ramas",Louisiana Creole
gasoline,gazolinn,Louisiana Creole
garlic,lay,Louisiana Creole
garden,jardin,Louisiana Creole
garage,garaj,Louisiana Creole
gar (fish),pwason-armé,Louisiana Creole
game,gém,Louisiana Creole
future marker,a,Louisiana Creole
"future marker,will be",sa,Louisiana Creole
"future marker (see Grammar Sketch),will",va,Louisiana Creole
"funny,weird",dròl,Louisiana Creole
fun,fonn,Louisiana Creole
"full,a lot",plin,Louisiana Creole
frying pan,(la) pwal,Louisiana Creole
fry,fri,Louisiana Creole
fruit,frwi,Louisiana Creole
"from,of",d(e) ,Louisiana Creole
friend,(z) ami,Louisiana Creole
friend,padna,Louisiana Creole
Friday,vendrédi,Louisiana Creole
"fricassee,stew,stew","frikasé, frikas",Louisiana Creole
"fresh,cool",frèsh,Louisiana Creole
French,Françé,Louisiana Creole
freeze,"jélé, jèl",Louisiana Creole
fourty-one,karant-é-ènn,Louisiana Creole
fourteen,katòrz,Louisiana Creole
fourteen,katòrz,Louisiana Creole
four,kat,Louisiana Creole
four,kat,Louisiana Creole
forty,karant,Louisiana Creole
fork (for eating),fourshèt,Louisiana Creole
forgive,"pardonné, pardonn",Louisiana Creole
forget,"bliyé, bliy",Louisiana Creole
forget,"bliyé, bliy",Louisiana Creole
"forever,always",toultem,Louisiana Creole
"forever,always",toultem,Louisiana Creole
forest,foré,Louisiana Creole
"for,about,to",pou,Louisiana Creole
foot,pyé,Louisiana Creole
foolish,sòt,Louisiana Creole
food,manjé,Louisiana Creole
follow,swiv,Louisiana Creole
fly,(dé) moush,Louisiana Creole
"fly,steal","volé, vòl",Louisiana Creole
"fly,steal","volé, vòl",Louisiana Creole
flower,flœr,Louisiana Creole
flower,flœr,Louisiana Creole
floor,planshé,Louisiana Creole
floor (of a building),zétaj,Louisiana Creole
"fix,repair,arrange,prepare","ranjé, ranj",Louisiana Creole
"fisher,sinner",péshœr,Louisiana Creole
"fisher,sinner",péshœr,Louisiana Creole
fish,pwason,Louisiana Creole
first,prèmyé,Louisiana Creole
fire,difé,Louisiana Creole
fire,difé,Louisiana Creole
"finish,complete",fini,Louisiana Creole
"finish,complete",fini,Louisiana Creole
finger,dwa,Louisiana Creole
filé,filé,Louisiana Creole
filé,filé,Louisiana Creole
"fight,beat",bat,Louisiana Creole
fifty,sinkant,Louisiana Creole
fifty-one,sinkant-é-ènn,Louisiana Creole
fifteen,kinz,Louisiana Creole
field,klo,Louisiana Creole
"feel (reflexive),smell","senti, sen",Louisiana Creole
February,fèvriyé,Louisiana Creole
February,fèvriyé,Louisiana Creole
"fear,afraid",pœr,Louisiana Creole
fault,(la) fot,Louisiana Creole
father,pær,Louisiana Creole
"father-in-law,stepfather",bo-pær,Louisiana Creole
"father-in-law,stepfather",bo-pær,Louisiana Creole
"fast,quickly",vit,Louisiana Creole
farmer,(l) abitan,Louisiana Creole
farm,fé rékòlt,Louisiana Creole
far,lwin,Louisiana Creole
family,famiy,Louisiana Creole
FALSE,fo,Louisiana Creole
FALSE,fo,Louisiana Creole
fall,"tombé, tomb",Louisiana Creole
fall,"tombé, tomb",Louisiana Creole
face,(la) figur,Louisiana Creole
face,(la) figur,Louisiana Creole
eye,zyé,Louisiana Creole
eye,zyé,Louisiana Creole
extremely,foutimen,Louisiana Creole
explode,èksplozé,Louisiana Creole
expfor example,par ègzamp,Louisiana Creole
"expensive,dear",shær,Louisiana Creole
"expensive,dear",shær,Louisiana Creole
excuse,"èskizé, èskiz",Louisiana Creole
excuse,"èskizé, èskiz",Louisiana Creole
example,ègzamp,Louisiana Creole
evil,mal,Louisiana Creole
everything,toukishòj,Louisiana Creole
everything,toukishòj,Louisiana Creole
every day,touléjour,Louisiana Creole
every day,touléjour,Louisiana Creole
"evening,eveningtime",swaré,Louisiana Creole
especially,surtou,Louisiana Creole
"escape,get away","shapé, shap",Louisiana Creole
"escape,get away","shapé, shap",Louisiana Creole
"enter,return,come home","rentré, rent",Louisiana Creole
enjoy,èndjòy,Louisiana Creole
English language,nanglé,Louisiana Creole
engaged,fyansé,Louisiana Creole
end,fin,Louisiana Creole
end,fin,Louisiana Creole
end (of object),bout,Louisiana Creole
empty,vid,Louisiana Creole
eleven,onz,Louisiana Creole
eighty,katré-vin,Louisiana Creole
eighty,katré-vin,Louisiana Creole
eighteen,diz-wit,Louisiana Creole
eight,wit,Louisiana Creole
egret,zégré,Louisiana Creole
eggplant,brenm,Louisiana Creole
egg,(dé) zèf,Louisiana Creole
eat,"manjé, manj",Louisiana Creole
"eat (of animals),eat like an animal (of humans)","safré, saf",Louisiana Creole
easy,izé,Louisiana Creole
Eastern red cedar,sipré,Louisiana Creole
Easter,Pak,Louisiana Creole
"east,eastern",lès,Louisiana Creole
"earth,ground,dirt",(la) tær,Louisiana Creole
early,bonnœr,Louisiana Creole
earache,mal-zòrèy,Louisiana Creole
ear,zòrèy,Louisiana Creole
"each,every",shak,Louisiana Creole
"each,every",shak,Louisiana Creole
each other,ènn-a-lòt,Louisiana Creole
dust,(la) pousyær,Louisiana Creole
"during,while",pendan,Louisiana Creole
"during,while",pendan,Louisiana Creole
duck,kanar,Louisiana Creole
dry,sèk,Louisiana Creole
drunk,chak,Louisiana Creole
drum,tambou,Louisiana Creole
drown,"nwayé, nway",Louisiana Creole
drown,"nwayé, nway",Louisiana Creole
drop,gout,Louisiana Creole
drop,gout,Louisiana Creole
drink,bwa,Louisiana Creole
drink,bwason,Louisiana Creole
dresser,twalèt,Louisiana Creole
dress,ròb,Louisiana Creole
dream,rèv,Louisiana Creole
dream,"rèvé, rèv",Louisiana Creole
door,pòrt,Louisiana Creole
dollar,pyas,Louisiana Creole
dog,shyin,Louisiana Creole
"do,make",fé,Louisiana Creole
do you...?,èske,Louisiana Creole
do you...?,èske,Louisiana Creole
do regularly,koné,Louisiana Creole
dishes,(la) vésèl,Louisiana Creole
"disgusted,depressed",dégouté,Louisiana Creole
"discouraged,discourage",dékourajé,Louisiana Creole
dirty,sal,Louisiana Creole
"dirty,get dirty","barbouyé, barbouy",Louisiana Creole
dining room,sal-a-manjé,Louisiana Creole
different,diféren,Louisiana Creole
different,diféren,Louisiana Creole
difference,diférens,Louisiana Creole
difference,diférens,Louisiana Creole
die,"krèvé, krèv",Louisiana Creole
die,mouri,Louisiana Creole
diarrhea,(la) chirout,Louisiana Creole
dézwitzwit,dézòrd,Louisiana Creole
dézwitzwit,dézòrd,Louisiana Creole
dézozo,déyòr,Louisiana Creole
dézozo,déyòr,Louisiana Creole
dew,(la) rozé,Louisiana Creole
dew,(la) rozé,Louisiana Creole
déværvær,"détèsté, détès",Louisiana Creole
déværvær,"détèsté, détès",Louisiana Creole
detyour (singular),tô,Louisiana Creole
detyour (singular),tô,Louisiana Creole
detyour (polite),vô,Louisiana Creole
detyour (polite),vô,Louisiana Creole
detthose,-ça(la) yé,Louisiana Creole
detthis,#NAME?,Louisiana Creole
detthese,-çi(la) yé,Louisiana Creole
dettheir,yê,Louisiana Creole
detthe,#NAME?,Louisiana Creole
detthe,"la, le, lê",Louisiana Creole
detthat,#NAME?,Louisiana Creole
detplural marker,-yé,Louisiana Creole
detour,nô,Louisiana Creole
detmy,mô,Louisiana Creole
"dethis,her,its",sô,Louisiana Creole
déshoushou,désemb,Louisiana Creole
déshoushou,désemb,Louisiana Creole
dépwarpwar,dépi,Louisiana Creole
démoushmoush,démin,Louisiana Creole
deer,shèvréy,Louisiana Creole
deer,shèvréy,Louisiana Creole
"deep,depths",fon,Louisiana Creole
death,(la) mòr,Louisiana Creole
dead,mòr,Louisiana Creole
day,jour,Louisiana Creole
"day,daytime",(la) journé,Louisiana Creole
daughter-in-law,bèl-fiy,Louisiana Creole
dark (of color),fonsé,Louisiana Creole
dancehall,hòl,Louisiana Creole
dance,"dansé, dans",Louisiana Creole
dance (social gathering),bal,Louisiana Creole
dad,popa,Louisiana Creole
cypress knee,boskoyo,Louisiana Creole
cut,"koupé, koup",Louisiana Creole
"curious,nosy",kiriyé,Louisiana Creole
cure,gérison,Louisiana Creole
cup,kòp,Louisiana Creole
cup,tas,Louisiana Creole
"cunning,mischievious,sly",kanay,Louisiana Creole
cross yourself,fé siñ lakrwa,Louisiana Creole
Creole,kréyòl,Louisiana Creole
Creole person,Kréyòl,Louisiana Creole
crazy,fou,Louisiana Creole
crawfish,krébis,Louisiana Creole
crab,krab,Louisiana Creole
cow,bèf,Louisiana Creole
cow,vash,Louisiana Creole
cousin (male or female),kouzin,Louisiana Creole
cousin (female),kouzinn,Louisiana Creole
"court,date",fé lakour,Louisiana Creole
"country,nation",péyi,Louisiana Creole
"country,nation",péyi,Louisiana Creole
"country,countryside",(la) kamponñ,Louisiana Creole
cough,tous,Louisiana Creole
cough,"tousé, tous",Louisiana Creole
cough,tous,Louisiana Creole
cotton,koton,Louisiana Creole
cottage cheese,kayé,Louisiana Creole
cottage cheese,kayé,Louisiana Creole
"correct,fine",kòrèk,Louisiana Creole
corncob,kòton-mayi,Louisiana Creole
cornbread with sugar and milk,koushkoush,Louisiana Creole
corn,mayi,Louisiana Creole
corn,mayi,Louisiana Creole
cook,kwi,Louisiana Creole
conversation,konværsasyon,Louisiana Creole
continue,kontiné,Louisiana Creole
conjphrwho,ki moun,Louisiana Creole
"conditional marker,would be",sé,Louisiana Creole
complain,fé trin,Louisiana Creole
company (people),(la) kompoñi,Louisiana Creole
"come,become","vini, vyin",Louisiana Creole
color,koulœr,Louisiana Creole
cold,frèt,Louisiana Creole
"cold (sickness),flu",(la) rimm,Louisiana Creole
coffee,kafé,Louisiana Creole
cockroach,ravé,Louisiana Creole
coat,kapo,Louisiana Creole
"club,nightclub",klœb,Louisiana Creole
"cloudy,covered",kouvær,Louisiana Creole
cloud,miryaj,Louisiana Creole
cloud,nwaj,Louisiana Creole
cloud,nwaj,Louisiana Creole
clothes,linj,Louisiana Creole
closet,kabinèt,Louisiana Creole
"close,shut","færmé, færm",Louisiana Creole
"clever,sly",malin,Louisiana Creole
clearly,klærmen,Louisiana Creole
"clear,light (said of skin),clearly",klær,Louisiana Creole
clean,"nètwayé, nètwa",Louisiana Creole
city,(la) vil,Louisiana Creole
circumflex (accent mark),sirkonflèks,Louisiana Creole
church,légliz,Louisiana Creole
"church,mass",(la) mès,Louisiana Creole
"church,mass",(la) mès,Louisiana Creole
Christmas,Krismis,Louisiana Creole
Christmas,Nwèl,Louisiana Creole
Christmas,Nwèl,Louisiana Creole
child,piti,Louisiana Creole
"chicken,hen",poul,Louisiana Creole
chew,"shiké, shik",Louisiana Creole
chew,"shiké, shik",Louisiana Creole
cheese,fromaj,Louisiana Creole
check,"chéké, chèk",Louisiana Creole
cheap,bon-marshé,Louisiana Creole
cheap,bon-marshé,Louisiana Creole
"['chatter,"" run one's mouth",galopé laboush,Louisiana Creole
chat,"kozé, kòz",Louisiana Creole
chat,"sharé, shar",Louisiana Creole
chat,"sharé, shar",Louisiana Creole
change,"shanjé, shanj",Louisiana Creole
change,"shanjé, shanj",Louisiana Creole
chamomile,kammòmèl,Louisiana Creole
challenge,défi,Louisiana Creole
cent,sou,Louisiana Creole
cause trouble,ménné/fé lembara,Louisiana Creole
cause trouble,ménné/fé lembara,Louisiana Creole
"cause trouble,make a mess",fé kòmærs,Louisiana Creole
Catholic,Katolik,Louisiana Creole
Catholic,Katolik,Louisiana Creole
catfish,barbi,Louisiana Creole
carrot,karòt,Louisiana Creole
carrot,karòt,Louisiana Creole
"care for,nurse","swonñé, swonñ",Louisiana Creole
card,kart,Louisiana Creole
card,kart,Louisiana Creole
car,shar,Louisiana Creole
car,shar,Louisiana Creole
captain,kapitènn,Louisiana Creole
candle,shandèl,Louisiana Creole
candle,shandèl,Louisiana Creole
"call,be named (reflexive)","pèlé, pèl",Louisiana Creole
"call,be named (reflexive)","pèlé, pèl",Louisiana Creole
cake,kék,Louisiana Creole
cake,kék,Louisiana Creole
cake (general),gato,Louisiana Creole
Cajun,kadjin,Louisiana Creole
Cajun person,Kadjin,Louisiana Creole
cabbage,(dé) shou,Louisiana Creole
"buzzard,vulture,Carencro",karankro,Louisiana Creole
buy,"ashté, ashèt",Louisiana Creole
buy,"ashté, ashèt",Louisiana Creole
butter,dibœr,Louisiana Creole
butter,dibœr,Louisiana Creole
butt,bounda,Louisiana Creole
butt,gogo,Louisiana Creole
butt,gogo,Louisiana Creole
but,mé,Louisiana Creole
but,mé,Louisiana Creole
busy,okipé,Louisiana Creole
burn,"brilé, bril",Louisiana Creole
burn,brilmen,Louisiana Creole
bullfrog,wawaron,Louisiana Creole
building,batis,Louisiana Creole
build,bati,Louisiana Creole
buckle,"bouklé, bouk",Louisiana Creole
brown,maron,Louisiana Creole
brown,maron,Louisiana Creole
brother,frær,Louisiana Creole
brother-in-law,bo-frær,Louisiana Creole
brother-in-law,bo-frær,Louisiana Creole
broom,balé,Louisiana Creole
"bring,wear","pòrté, pòrt",Louisiana Creole
"bring,haul","ménné, mènn",Louisiana Creole
"bring,haul","ménné, mènn",Louisiana Creole
"breeze,shade,relief",(la) frèsh,Louisiana Creole
"breakfast,eat breakfast","déjœné, déjœn",Louisiana Creole
"break,crack,shuck,shell","kasé, kas",Louisiana Creole
"break,crack,shuck,shell","kasé, kas",Louisiana Creole
bread,dipin,Louisiana Creole
"boyfriend,lover (male)",(l) amourè,Louisiana Creole
"boyfriend,lover (male),lazy",kalin,Louisiana Creole
"boy,son",garçon,Louisiana Creole
box,bwat,Louisiana Creole
bowl,bòl,Louisiana Creole
bowl,bòl,Louisiana Creole
boudin (sausage),boudin,Louisiana Creole
boucherie,(la) boushri,Louisiana Creole
bottle,boutéy,Louisiana Creole
"bother,embarrass",embarasé,Louisiana Creole
both,toulédé,Louisiana Creole
both,toulédé,Louisiana Creole
boss,bòs,Louisiana Creole
born,né,Louisiana Creole
"bored,lonesome",ennwiyé,Louisiana Creole
boots,bòt,Louisiana Creole
"book,pound (unit of measurement)",liv,Louisiana Creole
bone,(dé) zo,Louisiana Creole
boil,"bouyi, bouy",Louisiana Creole
boat,bato,Louisiana Creole
"blow (of wind),breathe","souflé, souf",Louisiana Creole
blouse,jozé,Louisiana Creole
blouse,jozé,Louisiana Creole
bloom,flèri,Louisiana Creole
bloom,flèri,Louisiana Creole
blood,disan,Louisiana Creole
black,nwar,Louisiana Creole
black,nwar,Louisiana Creole
bitter,anmær,Louisiana Creole
"bite,sting",mòrd,Louisiana Creole
"birthday,party,holiday",(la) fèt,Louisiana Creole
"birthday,party,holiday",(la) fèt,Louisiana Creole
bird,zwazo,Louisiana Creole
"big,tall",gran,Louisiana Creole
"big,tall",gran,Louisiana Creole
"big,fat",gro,Louisiana Creole
"big,fat",gro,Louisiana Creole
bicycle,bisik,Louisiana Creole
bicycle,bisik,Louisiana Creole
Bible,(La) Bib,Louisiana Creole
Bible,(La) Bib,Louisiana Creole
better,myé,Louisiana Creole
"better,best",méyœr,Louisiana Creole
"better,best",méyœr,Louisiana Creole
berry,(dé) mir,Louisiana Creole
"below,under",enba,Louisiana Creole
"belly,stomach",lèstoma,Louisiana Creole
"believe,think",krò,Louisiana Creole
beignet,béñé,Louisiana Creole
beignet,béñé,Louisiana Creole
behind,dæryær,Louisiana Creole
before,avan,Louisiana Creole
before,avan,Louisiana Creole
beer,(la) byær,Louisiana Creole
bedroom,shanm-a-koushé,Louisiana Creole
bedroom,shanm-a-koushé,Louisiana Creole
bed,lit,Louisiana Creole
because,akoz,Louisiana Creole
because,parske,Louisiana Creole
beautiful,bèl,Louisiana Creole
beat,"tayé, tay",Louisiana Creole
beard,(la) barb,Louisiana Creole
"beans,zydeco",zariko,Louisiana Creole
bead,biy,Louisiana Creole
bead,biy,Louisiana Creole
beach,play,Louisiana Creole
be,çé,Louisiana Creole
"be from (somewhere),go out,end up","sòrti, sòr",Louisiana Creole
be careful,fé atensyon,Louisiana Creole
"be (interrogative),be (relative)",yê,Louisiana Creole
"be (imperative),be (infinitive)",dèt,Louisiana Creole
"be (imperative),be (infinitive)",dèt,Louisiana Creole
bayou,bayou,Louisiana Creole
bathroom,shanm-a-bin,Louisiana Creole
bathroom,shanm-a-bin,Louisiana Creole
basement,soutærin,Louisiana Creole
"basement,pantry",(la) kav,Louisiana Creole
"basement,pantry",(la) kav,Louisiana Creole
bark,"japé, jap",Louisiana Creole
barbed wire,fil-a-kroshé,Louisiana Creole
barbed wire,fil-a-kroshé,Louisiana Creole
bank,(la) bank,Louisiana Creole
banjo,banndjo,Louisiana Creole
ball,(la) plòt,Louisiana Creole
bait,napa,Louisiana Creole
bad,mové,Louisiana Creole
"bad weather,storm",gro tem/mové tem,Louisiana Creole
"bad weather,storm",gro tem/mové tem,Louisiana Creole
backache,mal-o-do,Louisiana Creole
back,bæk,Louisiana Creole
axe,(la) hash,Louisiana Creole
"autumn,fall",lotòn,Louisiana Creole
aunt,tant,Louisiana Creole
August,aout,Louisiana Creole
"at,near",koté,Louisiana Creole
at the home of,shé,Louisiana Creole
at the home of,shé,Louisiana Creole
at least,omwin,Louisiana Creole
ask,"mandé, mand",Louisiana Creole
article,zartik,Louisiana Creole
"arrive,happen","arivé, ariv",Louisiana Creole
"arrive,happen","arivé, ariv",Louisiana Creole
around here,obòr isit,Louisiana Creole
arm,bra,Louisiana Creole
April,avril,Louisiana Creole
April,avril,Louisiana Creole
"approximately,around,about",alentour,Louisiana Creole
"anymore,either",non pli,Louisiana Creole
"anymore,either",non pli,Louisiana Creole
"any,whatever,whichever",nimpòrt (ki) ,Louisiana Creole
"answer,respond",réponn,Louisiana Creole
another,in lòt/in nòt,Louisiana Creole
annoy,"enmærdé, enmærd",Louisiana Creole
animal feed,fid,Louisiana Creole
animal feed,fid,Louisiana Creole
"anger,angry",kolær,Louisiana Creole
andouille (sausage),(l) andoui,Louisiana Creole
and,é,Louisiana Creole
and,épi,Louisiana Creole
and,épi,Louisiana Creole
"American,English language",Mérikin,Louisiana Creole
"American,English language",Mérikin,Louisiana Creole
"always,still",toujou,Louisiana Creole
"always,still",toujou,Louisiana Creole
although,kanminm,Louisiana Creole
although,malgré,Louisiana Creole
"also,too",itou,Louisiana Creole
"also,too",osit,Louisiana Creole
alphabet,alfabèt,Louisiana Creole
alone,sœl,Louisiana Creole
almost,prèsk,Louisiana Creole
allowed to,gin drwa,Louisiana Creole
alligator,kokodri,Louisiana Creole
all,tou,Louisiana Creole
all,tou,Louisiana Creole
all day long,toulajourné,Louisiana Creole
all day long,toulajourné,Louisiana Creole
all around,tou alentour,Louisiana Creole
all around,tou alentour,Louisiana Creole
all alone,tousœl,Louisiana Creole
airplane,batimen-d-ær,Louisiana Creole
airplane,éroplènn,Louisiana Creole
airplane,éroplènn,Louisiana Creole
agreed,dakòr,Louisiana Creole
ago,pasé,Louisiana Creole
ago,pasé,Louisiana Creole
age,(l) aj,Louisiana Creole
after,apré,Louisiana Creole
after,apré,Louisiana Creole
African,Afrikin,Louisiana Creole
afraid,gin pœr,Louisiana Creole
advphrlong time ago,lontem pasé,Louisiana Creole
"advphrfor sure,definitely",pou sûr,Louisiana Creole
advphras soon as,osike,Louisiana Creole
advice,konsèy,Louisiana Creole
adv.enough,asé,Louisiana Creole
adv.enough,asé,Louisiana Creole
adjphrwide open,gran-ouvær,Louisiana Creole
adjphrwide open,gran-ouvær,Louisiana Creole
adjphrsome,zen (dê) ,Louisiana Creole
adjphrso-so,konm-çi-kom-ça,Louisiana Creole
adjphrmore…than,pli…ke,Louisiana Creole
adjphras…as,osi…ke,Louisiana Creole
act of meeting someone,(la) kònésans,Louisiana Creole
"able,can",kapab,Louisiana Creole
"able to,can",pe,Louisiana Creole
"able to,can",pe,Louisiana Creole
a little,in pe,Louisiana Creole
#NAME?,chi,Louisiana Creole
