word,creole_word,creole_name
at,a  ,Saramaccan
in front,a fesi,Saramaccan
on top of,a liba,Saramaccan
yes,aái,Saramaccan
slingshot,abalë́ti,Saramaccan
little,abíti,Saramaccan
soon,abítímö́ön,Saramaccan
sandwasp,adaáun,Saramaccan
cockroach,adabasíi,Saramaccan
toothpaste,adantífi,Saramaccan
mushroom,adikpókpo,Saramaccan
shrimp,adingö,Saramaccan
scorpion,adingö u téla,Saramaccan
spider,adjaansi,Saramaccan
echo,adjaansipíkimi,Saramaccan
rice,adjámtóo,Saramaccan
agouti,"adjasú, akálúbúka, atjawá, bëgogó mbéti, kökö́ni",Saramaccan
bushmaster,adjéna,Saramaccan
porcupine,adjindjá,Saramaccan
ginger,adjíndja,Saramaccan
dew,adjíwáta,Saramaccan
farewell,adjóisi,Saramaccan
butterfly,adömítö,Saramaccan
African,afiikán,Saramaccan
lawyer,afokáti,Saramaccan
envelope,afölö́pu,Saramaccan
chameleon,agama,Saramaccan
crab,agása / agásámëku,Saramaccan
chin,agba,Saramaccan
owl,agbigbi,Saramaccan
knot,agó,Saramaccan
heel,agófútu,Saramaccan
ankle,agófútúwójo,Saramaccan
elbow,agómáun,Saramaccan
needle,agúja,Saramaccan
centipede,ahalala,Saramaccan
hoe,ahö́,Saramaccan
shoulder,ahö́máun,Saramaccan
fontanel,ahumë,Saramaccan
grass,ahún,Saramaccan
eight,áíti,Saramaccan
onion,ajón,Saramaccan
soul,akáa,Saramaccan
alligator,akalé,Saramaccan
heron,akamawái,Saramaccan
here,akí,Saramaccan
wrist,akiikö́ u máun,Saramaccan
tree,akpasa watjí,Saramaccan
Hindustani,akulí,Saramaccan
there,alá,Saramaccan
macaw,alála,Saramaccan
bean,alibí  ,Saramaccan
earthworm,alikpö́,Saramaccan
row,alö,Saramaccan
tadpole,alónaago,Saramaccan
zuurzak,alukutú,Saramaccan
German,Alumán,Saramaccan
hammock,amáka,Saramaccan
tomorrow,amanján,Saramaccan
who,ambë́,Saramaccan
jaguar,ambulúpái,Saramaccan
America,amëëkán,Saramaccan
kerosene,amëëkán óli,Saramaccan
negative,án  ,Saramaccan
ring,andélu,Saramaccan
what,andí,Saramaccan
why?,andí mbéi,Saramaccan
bittern,andolé,Saramaccan
scarf,ángísa,Saramaccan
wool,aniítiputu,Saramaccan
alright,ántoobi  ,Saramaccan
apart,apáiti,Saramaccan
citrus fruit,apeesína,Saramaccan
thigh,asákpáa,Saramaccan
okra,asila,Saramaccan
vinegar,asín,Saramaccan
hiccup,atekúteku,Saramaccan
stilts,atikónko,Saramaccan
grasshopper,atíti,Saramaccan
pilot,aviatë́,Saramaccan
airplane,"aviö́n, opaláni",Saramaccan
trap,aviti  ,Saramaccan
grandparent,avó,Saramaccan
ancestors,avóavo,Saramaccan
Afobaka,Avobáka,Saramaccan
now,awáa  ,Saramaccan
otter,awaapúja,Saramaccan
opossum,awalí,Saramaccan
former,awoo,Saramaccan
firefly,azönkíjënjën,Saramaccan
brother,baáa,Saramaccan
broth,baafu,Saramaccan
broad,baái  ,Saramaccan
black,baáka,Saramaccan
molasses,baáká máási,Saramaccan
grave,baáku  ,Saramaccan
gravedigger,baákuma,Saramaccan
well,baákúwáta,Saramaccan
embrace,baasá,Saramaccan
balloon,baási  ,Saramaccan
watermelon,baasía,Saramaccan
rubber,baatá,Saramaccan
cargo,bagási,Saramaccan
to buy,bái  ,Saramaccan
burst,bái latjá,Saramaccan
balcony,baikö́n,Saramaccan
July,baímátú líba,Saramaccan
bicycle,baisígi,Saramaccan
dance,bajá,Saramaccan
friend,bája,Saramaccan
back,báka  ,Saramaccan
again,"báka, mö́ön",Saramaccan
Holland,Bakáá Kö́ndë,Saramaccan
February,bákájái líba,Saramaccan
placenta,bákama  ,Saramaccan
descendent,bákámíi,Saramaccan
spine,bákámíndí,Saramaccan
later,bákaten,Saramaccan
container for liquids,báki  ,Saramaccan
banana,bakúba,Saramaccan
brother-in-law,balá,Saramaccan
ball,báli,Saramaccan
barrel,balí  ,Saramaccan
bamboo,bambúsi  ,Saramaccan
side,bandja,Saramaccan
cheek,bandjabúka,Saramaccan
rib,bandjapapáíbónu,Saramaccan
groin,bangatí,Saramaccan
chair,bángi,Saramaccan
bankrupt,bangulútu,Saramaccan
bank,bánku,Saramaccan
belt,bánti  ,Saramaccan
boss,bási,Saramaccan
under-captain,basiá,Saramaccan
mask,basikaánu,Saramaccan
broom,basö́ö,Saramaccan
base,básu  ,Saramaccan
downriver,básusë,Saramaccan
underwater,básúwáta,Saramaccan
bottle,báta,Saramaccan
flashlight,batiléi,Saramaccan
let,bé,Saramaccan
red,bë  ,Saramaccan
Christmas,bëdáki,Saramaccan
bed,bédi,Saramaccan
stomach,bë́ë  ,Saramaccan
bread,bëë́ë,Saramaccan
eyeglasses,beéi  ,Saramaccan
graveyard,beepé,Saramaccan
petition,bégi  ,Saramaccan
burial,béi,Saramaccan
bend,béndi,Saramaccan
crooked,béndíbéndi,Saramaccan
cliff,benga  ,Saramaccan
“red cent”,bësë́nsi,Saramaccan
bus,bési,Saramaccan
leprosy,bësinkíi,Saramaccan
better,bë́të  ,Saramaccan
bait,béti,Saramaccan
change,biá  ,Saramaccan
antennae (of insect),bía  ,Saramaccan
screw,biápéégu,Saramaccan
whirlpool,biáwáta,Saramaccan
drum,bidón,Saramaccan
because,bigá  ,Saramaccan
beginning,bigí,Saramaccan
big,bígi,Saramaccan
beer,bíi  ,Saramaccan
belief,biíbi,Saramaccan
flood waters,biibíi,Saramaccan
mosquito,biibíí fóo,Saramaccan
letter,biífi,Saramaccan
lichens,bilolí,Saramaccan
naval,bíngo,Saramaccan
decoration,bisí  ,Saramaccan
or polish,bísi  ,Saramaccan
bitter,bíta,Saramaccan
worm,bítju,Saramaccan
bow,bö́,Saramaccan
wood,boánti,Saramaccan
breast,bóbi,Saramaccan
amazing,bö́djëë  ,Saramaccan
tapir,bófo,Saramaccan
abscess,bói  ,Saramaccan
except,bóiti,Saramaccan
box,bö́kúsu  ,Saramaccan
drill,bólu  ,Saramaccan
group,bóndji,Saramaccan
bone,bónu,Saramaccan
breath,böö́  ,Saramaccan
instep,böö́ u fútu,Saramaccan
hurriedly,booboo,Saramaccan
bridge,boóki  ,Saramaccan
be broken,boóko  ,Saramaccan
worry,boókóhédi,Saramaccan
deaf,boókójési,Saramaccan
blind,boókówójo  ,Saramaccan
flour,boón,Saramaccan
kiss,bósi,Saramaccan
message,bosikópu,Saramaccan
brush,bö́sö,Saramaccan
to loosen,bösö  ,Saramaccan
joker,botjítjima,Saramaccan
boat,bóto  ,Saramaccan
blackboard,bö́utu,Saramaccan
gnat,buábua,Saramaccan
skin,búba,Saramaccan
chain,búi,Saramaccan
quarrel,búja,Saramaccan
mouth,búka  ,Saramaccan
lips,búkákásíka,Saramaccan
saliva,búkáwáta,Saramaccan
bucket,bukéti,Saramaccan
book,búku  ,Saramaccan
"move, to",bulí  ,Saramaccan
donkey,bulíki,Saramaccan
good,búmbúu,Saramaccan
fog,bundji  ,Saramaccan
inexpensive,búnkópu,Saramaccan
correct,búnu,Saramaccan
goodheartedness,búnúháti,Saramaccan
cracker,busikútu,Saramaccan
to establish,butá  ,Saramaccan
to delay,buujá,Saramaccan
"hatch, to",buuká  ,Saramaccan
pants,buúku  ,Saramaccan
hate,buusé,Saramaccan
enemy,buuséma,Saramaccan
blood,buúu,Saramaccan
completely,búúú,Saramaccan
stretcher,daági,Saramaccan
rum,daán,Saramaccan
awning,dabilé,Saramaccan
dog,dágu,Saramaccan
day,dáka,Saramaccan
rapids,dán,Saramaccan
lace,dantéi,Saramaccan
doctor,dáta,Saramaccan
to be,dë́  ,Saramaccan
dry,dëë́,Saramaccan
medicine,deési,Saramaccan
thirsty,dëë́wáta  ,Saramaccan
brazen,dëë́wójo,Saramaccan
thick,dégi,Saramaccan
courage,dégíháti,Saramaccan
blanket,déigi,Saramaccan
dagger,dëkpë,Saramaccan
thongs,deláila,Saramaccan
inside,déndu,Saramaccan
energetic,dënkú,Saramaccan
themselves,désééi,Saramaccan
sticky,diaan,Saramaccan
daylight,didía,Saramaccan
devil,didíbi,Saramaccan
three,dií,Saramaccan
expensive,díi  ,Saramaccan
drink,diíngi  ,Saramaccan
to drift (i.e. water),diípi  ,Saramaccan
thirty,diíténi,Saramaccan
to dig,díki  ,Saramaccan
director,dikitóo,Saramaccan
to double-cross,dimbolí  ,Saramaccan
to leave,disá  ,Saramaccan
this,dísi,Saramaccan
yard,djái,Saramaccan
coat,djákíti,Saramaccan
jealous,djalúsu,Saramaccan
gem,djamátí sítónu,Saramaccan
stingray,djampaíni,Saramaccan
peccary,djampö,Saramaccan
tall,djangaa,Saramaccan
deer,djangafútu,Saramaccan
vulture,djankóo,Saramaccan
rope,djeendjé  ,Saramaccan
island,djégi,Saramaccan
gentlemanly,djë́ndë,Saramaccan
container,djógu  ,Saramaccan
jump,djómbo,Saramaccan
toad,djómboma,Saramaccan
hip,djönkú  ,Saramaccan
genuine,dju  ,Saramaccan
Jew,djú bákáa,Saramaccan
daybreak,dóbóóko  ,Saramaccan
Dutch,dóisi,Saramaccan
overbearing,dökíön,Saramaccan
rat,dökufö́utu,Saramaccan
lump,dómbo,Saramaccan
preacher,dómini,Saramaccan
dumb,dón,Saramaccan
door,dö́ö  ,Saramaccan
door post,dö́ö páu  ,Saramaccan
night pot,doodó  ,Saramaccan
moonlight,dö́ö́límbo,Saramaccan
drunk,döö́ngö,Saramaccan
drunkard,döö́ngöma  ,Saramaccan
outside,dö́ö́së,Saramaccan
baptism,dópu,Saramaccan
case for something,dósu,Saramaccan
earth,dóti,Saramaccan
deed,dú,Saramaccan
cloth,dúku,Saramaccan
dark,dúngu,Saramaccan
jail,dunguwósu,Saramaccan
thousand,dúsu,Saramaccan
sleep,duumí  ,Saramaccan
goodbye,duumúndu,Saramaccan
force,duwéngi,Saramaccan
if,ée,Saramaccan
ice,ë́ísi,Saramaccan
eleven,ë́lúfu,Saramaccan
November,ë́lúfúmu,Saramaccan
her,ën,Saramaccan
yet,éti,Saramaccan
"manner of being, living or doing",fá  ,Saramaccan
ebb of water,fáa  ,Saramaccan
menstruation,faádji,Saramaccan
flag,faáka  ,Saramaccan
frayed edges,faándja  ,Saramaccan
French,faánsi,Saramaccan
unconscious,faáu,Saramaccan
electricity,fája  ,Saramaccan
flames,fájátö́ngö,Saramaccan
knife,fáka,Saramaccan
mark or scar where a knife has cut,fáka  ,Saramaccan
relatives,famíi,Saramaccan
talk,fan,Saramaccan
not acceptable,fánáfíti,Saramaccan
careless,fanjanfanjan  ,Saramaccan
chatterbox,fanmá,Saramaccan
necessary,fanö́udu,Saramaccan
manner,fási  ,Saramaccan
reckless,fásífási,Saramaccan
cooking oil,fátu  ,Saramaccan
animosity,feánti,Saramaccan
fever,fë́bë,Saramaccan
jealousy,fédja,Saramaccan
Friday,fééda,Saramaccan
coward,fë́ë́ë́ma,Saramaccan
five,féífi  ,Saramaccan
Tuesday,féifídáka,Saramaccan
fifty,féífíténi,Saramaccan
oil,fékísi,Saramaccan
club,feléniki,Saramaccan
metal,félu  ,Saramaccan
break off,fë́n,Saramaccan
to acquire,féndi  ,Saramaccan
window,fë́nsë,Saramaccan
face,fési  ,Saramaccan
apron,fesikö́ki,Saramaccan
leader,fésima,Saramaccan
forehead,fésímíndi,Saramaccan
a former time,fésiten,Saramaccan
fight,féti,Saramaccan
weapon(s),fétílái,Saramaccan
aggressive person,fétima  ,Saramaccan
to argue,fiá  ,Saramaccan
dissenter,fiáma,Saramaccan
liberty,fií  ,Saramaccan
to feel,fíi  ,Saramaccan
free,fiífii,Saramaccan
kite,filígi,Saramaccan
airstrip,filígífëlíti,Saramaccan
finger,fínga,Saramaccan
to give a sharp pain,fingá  ,Saramaccan
carefully,fíni  ,Saramaccan
fine (not rough),fínu,Saramaccan
"becoming, be",fíti,Saramaccan
crowded (e.g. path),fitjá  ,Saramaccan
to trust in,fitoóu,Saramaccan
four,fö́,Saramaccan
Monday,fö́dáka,Saramaccan
whistle,fofío,Saramaccan
square,fö́kánti,Saramaccan
flower,foló,Saramaccan
flute,foloíti,Saramaccan
fork,fö́lúku  ,Saramaccan
agitate,fón  ,Saramaccan
photograph,fóótóo,Saramaccan
first,fósu,Saramaccan
formerly,fósufósu,Saramaccan
forty,fö́téni,Saramaccan
Paramaribo,fóto,Saramaccan
bird,fóu,Saramaccan
mistake,fö́útu,Saramaccan
thief,fufúuma,Saramaccan
birthday,fujái,Saramaccan
distress,fuká,Saramaccan
lungs,fuköfukö,Saramaccan
sawdust,fukufuku,Saramaccan
to pierce,fulá  ,Saramaccan
soft,fulufulu,Saramaccan
bottomless place in water,fundá  ,Saramaccan
deep,fúndu,Saramaccan
disappear,fusí,Saramaccan
to understand,fusután,Saramaccan
detail,fútu  ,Saramaccan
lap,fútúlíba,Saramaccan
full,fúu,Saramaccan
"bore, to",fuuféi,Saramaccan
curse,fuúku  ,Saramaccan
contraction: for you (pl.),fuúnu  ,Saramaccan
fruit,fuúta,Saramaccan
quick,gaagaa,Saramaccan
bromfiets,gaamákö́nú wági,Saramaccan
great,gaán  ,Saramaccan
tarantula,gaán adjáansi,Saramaccan
impertinence,gaán búka,Saramaccan
pride,gaán fási,Saramaccan
thumb,gaán fínga,Saramaccan
bedspread,gaán kóósu,Saramaccan
ancestor,gaán sëmbë  ,Saramaccan
snobbishness,gaán wómí fási,Saramaccan
God,Gaángádu,Saramaccan
thunder,gaángádú bái,Saramaccan
lighting,gaángádú kóti fája,Saramaccan
creek,Gaángoón,Saramaccan
March,gaánlíba,Saramaccan
Thursday,gaánsaba,Saramaccan
please,gaántangi,Saramaccan
energy,gaapí,Saramaccan
glass,gaási  ,Saramaccan
hawk,gabián,Saramaccan
bare,gaboo,Saramaccan
spirit,gádu,Saramaccan
pineapple,gádúbói,Saramaccan
birthmark,gádúmááka,Saramaccan
altar,gádútáfa,Saramaccan
godhouse,gádúwósu  ,Saramaccan
to compliment,gafá,Saramaccan
mosquito net,gaidé,Saramaccan
aluminum,galimö́,Saramaccan
the area where people live,gandá  ,Saramaccan
crocodile,gandí,Saramaccan
sour,gándji  ,Saramaccan
piranha,gándjífísi,Saramaccan
neck,gangáa,Saramaccan
phlegm,gangáá wáta,Saramaccan
chicken,ganían,Saramaccan
to comfort,ganján  ,Saramaccan
deceiver,ganjánma,Saramaccan
cooking pot,gansë́  ,Saramaccan
fast,gáu,Saramaccan
"meat, fish",gbamba  ,Saramaccan
enamel,gbangbán,Saramaccan
eagle,gbaniní,Saramaccan
turtle,gbegú,Saramaccan
absolutely,gbélín  ,Saramaccan
scum,gbënëgbë́në,Saramaccan
dwarfed,gbi  ,Saramaccan
hazy,gbitii,Saramaccan
burial place,geébi,Saramaccan
gills,geéja  ,Saramaccan
bell,gengé,Saramaccan
stingy,giíi,Saramaccan
to grunt,giintá,Saramaccan
rub,gili  ,Saramaccan
guitar,gitáli,Saramaccan
away,gó  ,Saramaccan
back of something,gogó  ,Saramaccan
trellis,gölë́ti,Saramaccan
cake,góma  ,Saramaccan
gun,góni,Saramaccan
to grow or expand,göö́  ,Saramaccan
domineering,goófu,Saramaccan
Adam’s apple,göögö́ö  ,Saramaccan
field for planting,goón  ,Saramaccan
millipede,göö́ngö́ö,Saramaccan
world,goónlíba,Saramaccan
foundation,goónséi,Saramaccan
gold,góútu,Saramaccan
brush or overgrowth of weeds,gudjugudju  ,Saramaccan
rich,gúdu,Saramaccan
dust,gudugúdu,Saramaccan
chigger,gudugúdú bítju,Saramaccan
vegetables,gulúntu,Saramaccan
to complain,guunján  ,Saramaccan
to be acquainted with someone,guwénti  ,Saramaccan
exactly right,háánse,Saramaccan
half,háfu,Saramaccan
pellets,hága,Saramaccan
hog,hágu,Saramaccan
haul,hái  ,Saramaccan
binoculars,háiko,Saramaccan
hammer,háma,Saramaccan
clothes hanger,hánga  ,Saramaccan
hunger,hángi  ,Saramaccan
anchor,hánka,Saramaccan
hatchet,hánmbei,Saramaccan
attractive,hánse,Saramaccan
ant,hánsi,Saramaccan
wing,hánza,Saramaccan
boat-billed heron,hápapa,Saramaccan
horse,hási,Saramaccan
heart,háti  ,Saramaccan
anger,hátíbóónu,Saramaccan
chest,hátímíndi,Saramaccan
covetousness,haún  ,Saramaccan
heavy,hébi  ,Saramaccan
head,hédi  ,Saramaccan
skull,hédíbónu,Saramaccan
hair,hédíúwíi,Saramaccan
help,heépi,Saramaccan
high,héi  ,Saramaccan
woe,helú,Saramaccan
shirt,hë́mpi,Saramaccan
conjunction used at beginning of clause to indicate another step in the narrative,hën  ,Saramaccan
to hang,hë́ngi  ,Saramaccan
cacique,hë́no,Saramaccan
quickly,hésíhésí,Saramaccan
much,hía,Saramaccan
everyone,híbiwán,Saramaccan
all,híi  ,Saramaccan
all the time,híniwánten,Saramaccan
"pile, a",hípi  ,Saramaccan
to throw,híti  ,Saramaccan
bad,hógi  ,Saramaccan
evilhearted,hógiháti,Saramaccan
to yawn,hóha,Saramaccan
to hold,hói,Saramaccan
expression of disdain,hön  ,Saramaccan
hunt,hö́ndi,Saramaccan
hunter,hö́ndima,Saramaccan
June,hö́ndima líba,Saramaccan
hundred,hö́ndö,Saramaccan
bee,hö́ni,Saramaccan
honey,hö́níwáta,Saramaccan
get up,hópo  ,Saramaccan
corner,húku  ,Saramaccan
to examine,hulu  ,Saramaccan
an expression of disdain,hun  ,Saramaccan
gizzard,húngö,Saramaccan
fingernail,húnjan  ,Saramaccan
Amerindian,íngi,Saramaccan
every,íniwán,Saramaccan
"sling, to",jaa,Saramaccan
year,jáa,Saramaccan
to open,jabí  ,Saramaccan
el (measurement),jái  ,Saramaccan
January,jáílíba,Saramaccan
loose living,jajó  ,Saramaccan
corn tassels,jakajaka  ,Saramaccan
Javanese,jampanë́si,Saramaccan
dress,japó,Saramaccan
to fry,jasá  ,Saramaccan
rash,jási  ,Saramaccan
expression of dismay,jeé  ,Saramaccan
shadow,jejé  ,Saramaccan
ears,jési,Saramaccan
yesterday,jéside,Saramaccan
"cross, to",jö́kö,Saramaccan
borrow,júu  ,Saramaccan
rather,ká  ,Saramaccan
already,kaa,Saramaccan
calabash,kaabási,Saramaccan
goat,kaabíta,Saramaccan
tap someone (for attention),kaábu  ,Saramaccan
pliers,kaábútánda,Saramaccan
complaint,kaági,Saramaccan
bothersome,kaakéi,Saramaccan
power,kaakíti,Saramaccan
clamp,kaámpi,Saramaccan
tick,kaapátu,Saramaccan
hat,kaapúsa,Saramaccan
to itch,kaási,Saramaccan
end,kabá  ,Saramaccan
captain,kabiténi,Saramaccan
cashew,kadjú,Saramaccan
"rapids, river",Kadjú  ,Saramaccan
gift,kadó,Saramaccan
drop,kaí  ,Saramaccan
to call out,kái  ,Saramaccan
card,káita  ,Saramaccan
excrement,kaká  ,Saramaccan
cacao,kakáo,Saramaccan
has curved back,káki  ,Saramaccan
peeling (e.g. orange),kákísa  ,Saramaccan
plastic,kalë́ti,Saramaccan
corn,kálu,Saramaccan
lizard,kaluwá,Saramaccan
giant armadillo,kámba  ,Saramaccan
reed,kambalúwa  ,Saramaccan
co-wife,kambósa,Saramaccan
atmosphere,kamían  ,Saramaccan
loincloth,kamísa,Saramaccan
boy,kamísama  ,Saramaccan
snobbish,kampiísi,Saramaccan
camp,kámpu,Saramaccan
can,kán,Saramaccan
candle,kánda,Saramaccan
song,kandá  ,Saramaccan
maybe,kandë́,Saramaccan
to lean to one side,kándi  ,Saramaccan
amulet used to ward off thieves,kándúu  ,Saramaccan
preservative,kánfu  ,Saramaccan
filthy (head or body),kantii  ,Saramaccan
office,kantóo,Saramaccan
cannon,kanú,Saramaccan
uneven,kanúkanú,Saramaccan
armadillo,kapasí,Saramaccan
woods,kapë́ë,Saramaccan
capybara,kapiiwá,Saramaccan
rough,kasa,Saramaccan
cheese,kási  ,Saramaccan
sore,kasikaási,Saramaccan
cramp,katangá,Saramaccan
a cold,katáu  ,Saramaccan
slavery,katíbo,Saramaccan
fidget,katjakatja,Saramaccan
bullet,katóisi,Saramaccan
cow,káu,Saramaccan
desire,kë́  ,Saramaccan
to cry,këë́,Saramaccan
funnel,këë́kíti,Saramaccan
chalk,keéti  ,Saramaccan
pencil,këijö́n,Saramaccan
church,kéíki  ,Saramaccan
heat up,këndë́  ,Saramaccan
hot,kéndi  ,Saramaccan
coffin,kési,Saramaccan
kettle,kë́të,Saramaccan
chains,kë́ti,Saramaccan
bring up,kiijá  ,Saramaccan
youth,kijóo,Saramaccan
kilogram,kiló,Saramaccan
kilometre,kilométi,Saramaccan
knee,kiní,Saramaccan
kneecap,kinítampa,Saramaccan
film,kínö,Saramaccan
catch,kísi  ,Saramaccan
to become,kó  ,Saramaccan
continually,kódó,Saramaccan
coffee,kofí,Saramaccan
trunk,kófu,Saramaccan
coconut,kökönö́tö,Saramaccan
husk (e.g. of coconut),kókóo  ,Saramaccan
cane,kokotí,Saramaccan
snail,kóla,Saramaccan
briefly,kö́lö́,Saramaccan
guilder,kö́lu,Saramaccan
cork,kö́lúku,Saramaccan
compass,kompási,Saramaccan
flying ant,kómpe  ,Saramaccan
athlete's foot,komsáka,Saramaccan
beads,kónda,Saramaccan
to count,kondá  ,Saramaccan
country,kö́ndë,Saramaccan
pole,kö́ndö,Saramaccan
clever,kö́ni  ,Saramaccan
to betray,kö́nku  ,Saramaccan
button,kö́nö́pu,Saramaccan
legend or folk tale,kóntu  ,Saramaccan
favored person,kö́nu  ,Saramaccan
throne,kö́núbángi,Saramaccan
charcoal,koofája,Saramaccan
slippery,koogá,Saramaccan
yellow,kóóko  ,Saramaccan
Curaçao,koosóo  ,Saramaccan
clothes,koósu  ,Saramaccan
girl,koósuma,Saramaccan
chaff,koówa,Saramaccan
termites,kopíkopi,Saramaccan
brass,kö́pö,Saramaccan
red cent,köpösë́nsi,Saramaccan
to scold,kósi,Saramaccan
cut,kóti  ,Saramaccan
skirt,kóto,Saramaccan
cold,kö́tö  ,Saramaccan
comfort,kö́tö́háti  ,Saramaccan
testimony,kotóígi,Saramaccan
husk,kotokú,Saramaccan
socks,köúsu,Saramaccan
mumps,kpábu,Saramaccan
coins,kpë́ngë́lë́ mö́ni,Saramaccan
and,ku,Saramaccan
vagina,kú,Saramaccan
raw,kúákúa  ,Saramaccan
toucan,kujaké,Saramaccan
spoon,kujë́ë,Saramaccan
candy,kúku,Saramaccan
long pole for pushing boat through rapids,kulá  ,Saramaccan
to leak,kulé  ,Saramaccan
(in telling a story),kuma  ,Saramaccan
pillow,kúnsu,Saramaccan
sad,kusumí,Saramaccan
council,kuútu,Saramaccan
quarter,kwálíki,Saramaccan
kingfisher,kwátákwata,Saramaccan
square off (wood),kwéi  ,Saramaccan
frown,kwíndji  ,Saramaccan
base of the spine,lábu  ,Saramaccan
ladder,láda  ,Saramaccan
laugh,láfu,Saramaccan
inferior,lági,Saramaccan
advice,lái  ,Saramaccan
string,lala,Saramaccan
real,lálálálá,Saramaccan
whale,laláo,Saramaccan
grater,lálu  ,Saramaccan
pier,lampéési,Saramaccan
lame,lán  ,Saramaccan
long (house but not path),lánga  ,Saramaccan
greed,lángábë́ë,Saramaccan
eel,lángáfísi,Saramaccan
along,lángálánga  ,Saramaccan
depend,lángi,Saramaccan
government,lánti  ,Saramaccan
spear,lánza,Saramaccan
material for cross-stitching,lápu  ,Saramaccan
lose,lási  ,Saramaccan
depression,lásiháti,Saramaccan
to split,latjá  ,Saramaccan
fright,latjahati,Saramaccan
crazy,laú,Saramaccan
to be wilted,láu  ,Saramaccan
not sensible,laúlau,Saramaccan
liver,lë́bën,Saramaccan
gossip,lëgëdë  ,Saramaccan
drive,lë́i,Saramaccan
teach,léi  ,Saramaccan
to estimate,léíki  ,Saramaccan
educated,léíléi,Saramaccan
trip,lë́isi,Saramaccan
than,léki,Saramaccan
listless,lë́kíti,Saramaccan
mixing stick,leletí,Saramaccan
to lick,lëmbë́  ,Saramaccan
to borrow,léni  ,Saramaccan
edge,lénti,Saramaccan
to be protected against black magic,lépi  ,Saramaccan
seat on boat,lési  ,Saramaccan
respect,lesipéki,Saramaccan
precisely,léti  ,Saramaccan
right-hand,létímáun,Saramaccan
lion,lë́un,Saramaccan
month,líba  ,Saramaccan
moustache,líbábúká bía,Saramaccan
upriver,líbasë,Saramaccan
moon,líbáwójo,Saramaccan
life,líbi  ,Saramaccan
living,líbílíbi,Saramaccan
lifetime,líbiten,Saramaccan
file,líma  ,Saramaccan
to clean,limbá  ,Saramaccan
clean,limbo  ,Saramaccan
earring,línga  ,Saramaccan
smooth,línzo,Saramaccan
river,lío,Saramaccan
clan,lö́,Saramaccan
to like or love,lóbi  ,Saramaccan
lover,lóbima,Saramaccan
round,logologo  ,Saramaccan
plump,logoo,Saramaccan
roll up,lólu  ,Saramaccan
to go around something,lómbóto  ,Saramaccan
distant,lóngi,Saramaccan
caterpillar,lonká  ,Saramaccan
to go around,lóntu  ,Saramaccan
perfume,lösíön,Saramaccan
lice,lósu,Saramaccan
to desire,lö́sútu  ,Saramaccan
plumbline,lö́tö  ,Saramaccan
care for,lúku  ,Saramaccan
medicine man,lúkuma,Saramaccan
fall apart,lulú  ,Saramaccan
to solve (problem),lúsu  ,Saramaccan
root,lútu,Saramaccan
but,ma,Saramaccan
to sharpen (knife),maá  ,Saramaccan
mark,maaká  ,Saramaccan
screen,maaní  ,Saramaccan
sugar cane syrup,maási,Saramaccan
mulatto,maáta,Saramaccan
cotton,maáun,Saramaccan
daughter-in-law,mái,Saramaccan
second growth weeds and bushes,majaja  ,Saramaccan
palm tree,maká  ,Saramaccan
yam,maká njámísi,Saramaccan
together,makándi,Saramaccan
to lack,makéi  ,Saramaccan
helpless,makisá  ,Saramaccan
might,mákíti,Saramaccan
lazy,malë́ngë,Saramaccan
lazy person,malë́ngëma,Saramaccan
most essential part:,mamá  ,Saramaccan
molar,mamágógótánda,Saramaccan
morning,mámate,Saramaccan
papaya,mamáun,Saramaccan
blemish on skin,mamuná,Saramaccan
basket,mánda,Saramaccan
to command,mandá  ,Saramaccan
stain,mandjá,Saramaccan
ripe,mandúu  ,Saramaccan
courtesy,maníni,Saramaccan
term of address between men,mánu  ,Saramaccan
master,mása  ,Saramaccan
measles,mási,Saramaccan
overgrowth,masiá  ,Saramaccan
machine,masíni  ,Saramaccan
mattress,mataási,Saramaccan
reed press,matapí  ,Saramaccan
to take offense.,máti  ,Saramaccan
axe,matjáu,Saramaccan
jungle,mátu,Saramaccan
arm,máun  ,Saramaccan
nun,mazó,Saramaccan
to make,mbéi  ,Saramaccan
animal,mbéti  ,Saramaccan
mill,mbíi  ,Saramaccan
hornet(s),mbutíkáa,Saramaccan
milk,më́íki,Saramaccan
to remember,më́mbë  ,Saramaccan
suppose,më́ni  ,Saramaccan
teacher,më́sítë,Saramaccan
meter,më́ti,Saramaccan
I,mi,Saramaccan
child,míi  ,Saramaccan
baby,miíi  ,Saramaccan
urine,miindjá,Saramaccan
million,milión,Saramaccan
to be reconciled,mindí  ,Saramaccan
middle,míndi  ,Saramaccan
minute,miníti,Saramaccan
myself,míséei,Saramaccan
to miss,mísi  ,Saramaccan
to bring together,míti  ,Saramaccan
destitute,möfína,Saramaccan
pretty girl (slang),mömbë́  ,Saramaccan
money,mö́ni,Saramaccan
false eye,mönímö  ,Saramaccan
anymore,mö́ön  ,Saramaccan
ever,mö́önsö,Saramaccan
mouse,mösimö́si,Saramaccan
prostitute,mötjö́,Saramaccan
watch,mö́tu,Saramaccan
woman,mujë́ë,Saramaccan
everybody,múndu  ,Saramaccan
moisten,munján,Saramaccan
should,musu,Saramaccan
child’s cap,músu  ,Saramaccan
backpack,mutete,Saramaccan
rainbow,mutjáma,Saramaccan
micah,mutjáma kaká,Saramaccan
aluminum leg and arm bands,muungá  ,Saramaccan
negative marker,ná  ,Saramaccan
when?,na ún ten,Saramaccan
to sew,nái  ,Saramaccan
to hit (on purpose or accidentally),náki  ,Saramaccan
to join,namá  ,Saramaccan
strap,nambá,Saramaccan
name for the greatest God,naná  ,Saramaccan
dirty,nási,Saramaccan
to grow,nasí  ,Saramaccan
kind of people,nasíön,Saramaccan
or,násö  ,Saramaccan
leaves or vine for poisoning fish,ndekú  ,Saramaccan
night,ndéti,Saramaccan
a lot,ndófu,Saramaccan
name,në́  ,Saramaccan
fame,në́bái,Saramaccan
nine,në́ígi,Saramaccan
sweet,në́mínëmi,Saramaccan
Negro,në́ngë,Saramaccan
bird nest,në́si  ,Saramaccan
stutter,ngáku,Saramaccan
ditch,ngö́tö,Saramaccan
to bite,nján  ,Saramaccan
cooked rice,njanján  ,Saramaccan
sparkling,njëngënjëngë,Saramaccan
young,njö́nku,Saramaccan
pimples,njö́nkúsu,Saramaccan
new,njúnjun  ,Saramaccan
news,njúnsu,Saramaccan
identifying mark,nö́bu  ,Saramaccan
proverb,nöngö́  ,Saramaccan
no!,nö́nö,Saramaccan
introducer for explanatory clause,nö́ö  ,Saramaccan
present time,nö́unö́u  ,Saramaccan
emergency,nö́útu  ,Saramaccan
nose,núsu,Saramaccan
"aki o}""}expression used at end of sentence to soften speech: ko aki o}",o  ,Saramaccan
obeah,óbia,Saramaccan
egg,óbo,Saramaccan
a ride with someone who was already going,okási  ,Saramaccan
gasoline,óli,Saramaccan
clock,olóísi,Saramaccan
man,ómi,Saramaccan
oven,ö́nfuö́,Saramaccan
buzzard,opéte,Saramaccan
poison,opión,Saramaccan
officer,oposíi,Saramaccan
house,ósu,Saramaccan
automobile,otó,Saramaccan
conversation,óto  ,Saramaccan
pair,páa,Saramaccan
dish,paabí,Saramaccan
pardon,paadón,Saramaccan
to disperse,paajá,Saramaccan
promise,paamúsi,Saramaccan
board,paánga,Saramaccan
descendants,paansú  ,Saramaccan
umbrella,paasóo,Saramaccan
flat,paáta,Saramaccan
(e.g. political) party,paatë́i,Saramaccan
to deal out,paatí  ,Saramaccan
paddle,páda  ,Saramaccan
father-in-law,pái,Saramaccan
to bear fruit,paí  ,Saramaccan
debt,paimá,Saramaccan
woman who bears children,paíma  ,Saramaccan
payment,paká,Saramaccan
offering,pakamë́ntu,Saramaccan
load,páki  ,Saramaccan
to consider,pakiséi,Saramaccan
canoe,palibóto,Saramaccan
pumpkin,pampú,Saramaccan
to grab,panján  ,Saramaccan
pan,pánu  ,Saramaccan
mush,pápa,Saramaccan
"long narrow item (e.g. hand of a clock, pencil)",papái  ,Saramaccan
chatter,papiá,Saramaccan
bird craw,pápu  ,Saramaccan
ago,pasá  ,Saramaccan
patience,pasénsi,Saramaccan
path,pási  ,Saramaccan
duck,patupátu,Saramaccan
log,páu  ,Saramaccan
act playfully,pëë́  ,Saramaccan
nail,peégu,Saramaccan
horsepower,péékáa,Saramaccan
"plane, wood",peéni,Saramaccan
image,peéntje,Saramaccan
baksheesh,peesénti,Saramaccan
to crowd,peetá  ,Saramaccan
equal,péi,Saramaccan
medicine tablet,péíki  ,Saramaccan
all kinds of,péípéi  ,Saramaccan
canvas,pelá  ,Saramaccan
tent,peláwósu,Saramaccan
pain,pén  ,Saramaccan
poor,pená  ,Saramaccan
"color, to",pëndë́  ,Saramaccan
naked,pë́në́pënë,Saramaccan
enclosure,péni,Saramaccan
comb,pénti  ,Saramaccan
pepper,pë́pë,Saramaccan
peas,pési,Saramaccan
ask,pidí  ,Saramaccan
collect,píi  ,Saramaccan
excuse me,piimísi  ,Saramaccan
arrow,piiwá,Saramaccan
celebration,piizíi  ,Saramaccan
small,pikí,Saramaccan
to answer,píki  ,Saramaccan
April,pikídééwéí líba,Saramaccan
Wednesday,pikísaba,Saramaccan
a little bit,pikíwan  ,Saramaccan
hair pin,pína  ,Saramaccan
peanut,pindá,Saramaccan
statue,pindi,Saramaccan
to pinch,píndja  ,Saramaccan
pipe,pípa,Saramaccan
penis,pipí,Saramaccan
piece of,písi  ,Saramaccan
doll,póbíki  ,Saramaccan
kill,pói  ,Saramaccan
sneaky,politíki,Saramaccan
dove,pómba,Saramaccan
to spoil,póndi  ,Saramaccan
barge,póndo,Saramaccan
pound,póntu,Saramaccan
test,poobá,Saramaccan
celebrate,poólo  ,Saramaccan
unusual power to do something,poosían  ,Saramaccan
wallet,pootumö́ni,Saramaccan
foundation post,pósu,Saramaccan
camera,pötilë́ti,Saramaccan
pot of medicine or obeah,pö́tö  ,Saramaccan
mud,pötöpötö,Saramaccan
pool of water,pú  ,Saramaccan
bat,pukusu,Saramaccan
bubbles,pululú,Saramaccan
to massage,pusá  ,Saramaccan
whore,púta,Saramaccan
explain,púu  ,Saramaccan
"shed, to",puumá,Saramaccan
animal hair,puúma  ,Saramaccan
may,sa,Saramaccan
"mercy, to have",sáa,Saramaccan
sardine,saadíni,Saramaccan
slave,saáfu,Saramaccan
to give away too generously,saajá  ,Saramaccan
Saramaccan,Saamáka  ,Saramaccan
a straight stretch of river upriver from Duwata where the current is especially strong,Saamákásítááti  ,Saramaccan
Suriname,Saaná,Saramaccan
contraction for ‘know how’:,sáanfa  ,Saramaccan
hoof,saapátu  ,Saramaccan
careful,sáápi,Saramaccan
quietly,sáápísáápi,Saramaccan
sharp (e.g. knife),saápu  ,Saramaccan
in a hurry,saasaa,Saramaccan
day of rest,sabá  ,Saramaccan
desert,sabána,Saramaccan
to know,sábi  ,Saramaccan
ringworm,sakáamë,Saramaccan
humility,sákáfási,Saramaccan
to scratch up,sakatá  ,Saramaccan
business,sáki,Saramaccan
shake off/out,sakpí,Saramaccan
sack,sáku,Saramaccan
gnaw,sán  ,Saramaccan
dwarf,sandopí,Saramaccan
sand,sándu,Saramaccan
nosebleed,sangá  ,Saramaccan
sandpaper,sansipampía,Saramaccan
afternoon,sápate,Saramaccan
Saturday,sata,Saramaccan
salt,sátu  ,Saramaccan
aside,së  ,Saramaccan
seven,së́bën,Saramaccan
leech,sébítáa,Saramaccan
intensifier,seéi  ,Saramaccan
arrange,seeká  ,Saramaccan
fish net,séépi  ,Saramaccan
to sell,séi  ,Saramaccan
to disturb greatly,séki  ,Saramaccan
shame,sén  ,Saramaccan
"bright, be",sëndë́,Saramaccan
since,sénsi,Saramaccan
scissors,seséi,Saramaccan
begin,séti,Saramaccan
amulet,sibá  ,Saramaccan
cigarette,sigalë́ti,Saramaccan
seed,síi  ,Saramaccan
close to death (upriver dialect),síki  ,Saramaccan
six,síkísi,Saramaccan
school,sikö́ö,Saramaccan
narrow shovel,sikópu  ,Saramaccan
police,sikö́utu,Saramaccan
sloth,siló,Saramaccan
cement,simá,Saramaccan
ashes,síndja,Saramaccan
fer-de-lance,síndjápéétúmáun,Saramaccan
gray,síndjásindja,Saramaccan
Chinese,sinë́isi,Saramaccan
sing,síngi  ,Saramaccan
band tied around waist after giving birth,sínta  ,Saramaccan
to be exciting,sipán  ,Saramaccan
Spanish,sipanjö́lu,Saramaccan
mirror,sipéi  ,Saramaccan
ship,sípi  ,Saramaccan
hypodermic syringe,sipóiti  ,Saramaccan
sponge,sipö́nsu,Saramaccan
joke,sipóótu,Saramaccan
sister,sísa,Saramaccan
punishment,sitááfu  ,Saramaccan
main path,sitááti,Saramaccan
stamp,sitámpu  ,Saramaccan
rock,sitónu,Saramaccan
approximately,sö́  ,Saramaccan
soldier,sodáti,Saramaccan
storey,sö́dö  ,Saramaccan
to swear,sói  ,Saramaccan
certain,sóifi,Saramaccan
heat from something,sómba  ,Saramaccan
Sunday,sónde,Saramaccan
without,sö́ndö,Saramaccan
anything,soní  ,Saramaccan
by this time,sonté  ,Saramaccan
sun,sónu,Saramaccan
west,sónugo,Saramaccan
east,sónúkúmútu,Saramaccan
common response used to show that one is listening,sö́ö  ,Saramaccan
silver,sóófu,Saramaccan
lock,söö́tö,Saramaccan
key,söö́tö́míi,Saramaccan
soap,sópu  ,Saramaccan
also,sö́sééi,Saramaccan
tasteless,sö́sö  ,Saramaccan
nurse,sö́sútu,Saramaccan
spoil,sówa,Saramaccan
enter,subí  ,Saramaccan
darkness,sugúu,Saramaccan
sugar,súki,Saramaccan
chocolate drink,sukuáti  ,Saramaccan
mist,sumúku  ,Saramaccan
dirt or dust,súndju,Saramaccan
shoes,súsu  ,Saramaccan
enjoyable,súti  ,Saramaccan
storage place for rice,suwá  ,Saramaccan
sister-in-law,suwági  ,Saramaccan
close to death (downriver dialect),suwáki  ,Saramaccan
matches,suwálufu,Saramaccan
as if,táa  ,Saramaccan
fishnet,taamáni,Saramaccan
hard,taánga  ,Saramaccan
"address for father, father's brother, or father in law",taatá  ,Saramaccan
tobacco,tabáku,Saramaccan
table,táfa,Saramaccan
to tie,tái  ,Saramaccan
authority,táki  ,Saramaccan
authority figure,tákima,Saramaccan
argument,takitáki,Saramaccan
ugly,taku  ,Saramaccan
dysentery,takubë́ë,Saramaccan
train,talán,Saramaccan
cover,tampá,Saramaccan
pregnant,tán  ,Saramaccan
tooth,tánda  ,Saramaccan
thanks,tangí  ,Saramaccan
August,tanvúwátá líba,Saramaccan
close,tapá  ,Saramaccan
last-born,tapábë́ë́ míi,Saramaccan
tapioca,tapióka,Saramaccan
handbag,tási  ,Saramaccan
old man,tatá  ,Saramaccan
pestle,tatí,Saramaccan
long time,té  ,Saramaccan
cocoon,tébíánkuli,Saramaccan
star,teéja,Saramaccan
accept,téi  ,Saramaccan
whole,télu,Saramaccan
"something made skillfully with your hands, e. g.wood-carving, embroidery, decorations on cassava bread",të́mbë  ,Saramaccan
carpenter,të́mbëma,Saramaccan
to hand to someone,tëndë́  ,Saramaccan
ten,téni,Saramaccan
today,tidé,Saramaccan
to lead,tíi  ,Saramaccan
iron,tiíki  ,Saramaccan
intestines,tiípa,Saramaccan
October,tínímúlíba,Saramaccan
to carry,tjá  ,Saramaccan
to cut off from its stalk (e.g. maripa fruit),tjaba  ,Saramaccan
messenger,tjábúkama,Saramaccan
rattle,tjaká,Saramaccan
rattlesnake,tjakásíndéki,Saramaccan
grounds,tjakatí,Saramaccan
circle,tjangaa  ,Saramaccan
gravel,tjátja,Saramaccan
"style""}to dance sëkëti style",tjë́kë  ,Saramaccan
brand new,tjéntjén,Saramaccan
enough,tjiká  ,Saramaccan
allergy,tjína,Saramaccan
leper,tjínama,Saramaccan
to prick,tjökö́  ,Saramaccan
ideophone for alone,tjö́kö́ö́,Saramaccan
sharp curve,tjö́ni,Saramaccan
pointed,tjö́nítjö́ni,Saramaccan
rain,tjúba,Saramaccan
to dry up (e.g. eggplant),tjupá  ,Saramaccan
alone,tö́,Saramaccan
pool,tóbo,Saramaccan
miraculous,tófu  ,Saramaccan
however,tö́ku,Saramaccan
tomato,tomáti,Saramaccan
to spill,tómbi,Saramaccan
stump,tómpi,Saramaccan
albino,tönë́  ,Saramaccan
language,tö́ngö  ,Saramaccan
to bother,toóbi  ,Saramaccan
different,tooká  ,Saramaccan
to return,tooná  ,Saramaccan
brain,töönsö́n,Saramaccan
to spin,toosá,Saramaccan
great-great-great-grandparent,töö́tö  ,Saramaccan
marriage,töö́u,Saramaccan
woodpecker,tótómbotí,Saramaccan
two,tú,Saramaccan
arrow point,tukusí,Saramaccan
twin(s),túlíngi,Saramaccan
horn (instrument or of an animal),tutú  ,Saramaccan
surely,tuú,Saramaccan
indeed,tuútuu,Saramaccan
twelve,tuwálufu,Saramaccan
December,tuwálúfúmú líba,Saramaccan
to divorce,túwë  ,Saramaccan
twenty,túwénti,Saramaccan
for,u,Saramaccan
us,ú,Saramaccan
firewood,údu,Saramaccan
machete,ufándji,Saramaccan
before,ufö́  ,Saramaccan
which,ún,Saramaccan
how,unfá,Saramaccan
leaf,uwíi  ,Saramaccan
fumes,véntu  ,Saramaccan
hummingbird,vunvun,Saramaccan
car,wági,Saramaccan
wheel,wágífútu,Saramaccan
to wave,wái  ,Saramaccan
happy,wáíwái  ,Saramaccan
September,wajamáká líba,Saramaccan
extrovertive,wajawaja,Saramaccan
"to advance by natural mode of locomotion (walk, slither, ride, etc.)",wáka  ,Saramaccan
visitor,wakamá,Saramaccan
promiscuity,wákáwáká líbi,Saramaccan
to guard,wákíti  ,Saramaccan
anteater,walilí,Saramaccan
a,wán  ,Saramaccan
speckled,wangawanga,Saramaccan
immediately,wántéwante,Saramaccan
wash,wási  ,Saramaccan
wasps,wasiwási,Saramaccan
liquid,wáta  ,Saramaccan
to guard (a house),wátji  ,Saramaccan
agreement,wë sö́,Saramaccan
weevils,weduwedu,Saramaccan
size up,wégi  ,Saramaccan
open place in woods,wéi  ,Saramaccan
white,wéti,Saramaccan
law,wë́ti,Saramaccan
wine,wín,Saramaccan
to gain,wíni  ,Saramaccan
victor,wínima,Saramaccan
black magic,wísi,Saramaccan
foolish,wisiwási,Saramaccan
color,wójo  ,Saramaccan
eyelid,wójókókóo,Saramaccan
eyelash,wójókókóo púúma,Saramaccan
eyebrow,wójólíbápúúma,Saramaccan
market,wojowójo,Saramaccan
alas!,"woló, wooló",Saramaccan
cloud,wö́lúku,Saramaccan
term of address to man,wómi,Saramaccan
workman,woókoma,Saramaccan
words,wö́utu,Saramaccan
elephant,zaun,Saramaccan
ocean,zé,Saramaccan
sailboat,zéibóto,Saramaccan
to press,zín,Saramaccan
coals,zonká,Saramaccan
close by,zúntu,Saramaccan
